id,prompt,image_path,category
0,"an ( ( ( ( anime ) ) ) ) still of an arabian princess with long red hair, dressed as arabian nights, confident looking, finely detailed features, perfect art, at an ancient city, gapmoe yandere grimdark, trending on pixiv fanbox, painted by greg rutkowski makoto shinkai takashi takeuchi studio ghibli, akihiko yoshida ",data/images/0.png,diffusiondb
1,"an ( ( ( ( anime ) ) ) ) still of an arabian princess with long red hair, dressed as arabian nights, confident looking, finely detailed features, perfect art, at an ancient city, gapmoe yandere grimdark, trending on pixiv fanbox, painted by greg rutkowski makoto shinkai takashi takeuchi studio ghibli, akihiko yoshida ",data/images/1.png,diffusiondb
2,"an ( ( ( ( anime ) ) ) ) still of an arabian princess with long red hair, dressed as arabian nights, confident looking, finely detailed features, perfect art, at an ancient city, gapmoe yandere grimdark, trending on pixiv fanbox, painted by greg rutkowski makoto shinkai takashi takeuchi studio ghibli, akihiko yoshida ",data/images/2.png,diffusiondb
3,"an ( ( ( ( anime ) ) ) ) still of an arabian princess with long red hair, dressed as arabian nights, confident looking, finely detailed features, perfect art, at an ancient city, gapmoe yandere grimdark, trending on pixiv fanbox, painted by greg rutkowski makoto shinkai takashi takeuchi studio ghibli, akihiko yoshida ",data/images/3.png,diffusiondb
4,"an ( ( ( ( anime ) ) ) ) still of an arabian princess with long red hair, dressed as arabian nights, confident looking, finely detailed features, perfect art, at an ancient city, gapmoe yandere grimdark, trending on pixiv fanbox, painted by greg rutkowski makoto shinkai takashi takeuchi studio ghibli, akihiko yoshida ",data/images/4.png,diffusiondb
5,"an ( ( ( ( anime ) ) ) ) still of an arabian princess with long red hair, dressed as arabian nights, confident looking, finely detailed features, perfect art, at an ancient city, gapmoe yandere grimdark, trending on pixiv fanbox, painted by greg rutkowski makoto shinkai takashi takeuchi studio ghibli, akihiko yoshida ",data/images/5.png,diffusiondb
6,"an ( ( ( ( anime ) ) ) ) still of an arabian princess with long red hair, dressed as arabian nights, confident looking, finely detailed features, perfect art, at an ancient city, gapmoe yandere grimdark, trending on pixiv fanbox, painted by greg rutkowski makoto shinkai takashi takeuchi studio ghibli, akihiko yoshida ",data/images/6.png,diffusiondb
7,"an ( ( ( ( anime ) ) ) ) still of an arabian princess with long red hair, dressed as arabian nights, confident looking, finely detailed features, perfect art, at an ancient city, gapmoe yandere grimdark, trending on pixiv fanbox, painted by greg rutkowski makoto shinkai takashi takeuchi studio ghibli, akihiko yoshida ",data/images/7.png,diffusiondb
8,"hudson highlands by etel adnan, ",data/images/8.png,diffusiondb
9,"hudson highlands by etel adnan, ",data/images/9.png,diffusiondb
10,"hudson highlands by etel adnan, ",data/images/10.png,diffusiondb
11,"hudson highlands by etel adnan, ",data/images/11.png,diffusiondb
12,"hudson highlands by etel adnan, ",data/images/12.png,diffusiondb
13,"hudson highlands by etel adnan, ",data/images/13.png,diffusiondb
14,"beautiful portrait of a woman, negative no not mona lisa pose, gta v, stephen bliss, unreal engine, fantasy art by greg rutkowski, loish, rhads, ferdinand knab, makoto shinkai and lois van baarle, ilya kuvshinov, rossdraws, tom bagshaw, global illumination, radiant light, detailed and intricate environment ",data/images/14.png,diffusiondb
15,"beautiful portrait of a woman, negative no not mona lisa pose, gta v, stephen bliss, unreal engine, fantasy art by greg rutkowski, loish, rhads, ferdinand knab, makoto shinkai and lois van baarle, ilya kuvshinov, rossdraws, tom bagshaw, global illumination, radiant light, detailed and intricate environment ",data/images/15.png,diffusiondb
16,"beautiful portrait of a woman, negative no not mona lisa pose, gta v, stephen bliss, unreal engine, fantasy art by greg rutkowski, loish, rhads, ferdinand knab, makoto shinkai and lois van baarle, ilya kuvshinov, rossdraws, tom bagshaw, global illumination, radiant light, detailed and intricate environment ",data/images/16.png,diffusiondb
17,"beautiful portrait of a woman, negative no not mona lisa pose, gta v, stephen bliss, unreal engine, fantasy art by greg rutkowski, loish, rhads, ferdinand knab, makoto shinkai and lois van baarle, ilya kuvshinov, rossdraws, tom bagshaw, global illumination, radiant light, detailed and intricate environment ",data/images/17.png,diffusiondb
18,"beautiful portrait of a woman, negative no not mona lisa pose, gta v, stephen bliss, unreal engine, fantasy art by greg rutkowski, loish, rhads, ferdinand knab, makoto shinkai and lois van baarle, ilya kuvshinov, rossdraws, tom bagshaw, global illumination, radiant light, detailed and intricate environment ",data/images/18.png,diffusiondb
19,"beautiful portrait of a woman, negative no not mona lisa pose, gta v, stephen bliss, unreal engine, fantasy art by greg rutkowski, loish, rhads, ferdinand knab, makoto shinkai and lois van baarle, ilya kuvshinov, rossdraws, tom bagshaw, global illumination, radiant light, detailed and intricate environment ",data/images/19.png,diffusiondb
20,"beautiful portrait of a woman, negative no not mona lisa pose, gta v, stephen bliss, unreal engine, fantasy art by greg rutkowski, loish, rhads, ferdinand knab, makoto shinkai and lois van baarle, ilya kuvshinov, rossdraws, tom bagshaw, global illumination, radiant light, detailed and intricate environment ",data/images/20.png,diffusiondb
21,"beautiful portrait of a woman, negative no not mona lisa pose, gta v, stephen bliss, unreal engine, fantasy art by greg rutkowski, loish, rhads, ferdinand knab, makoto shinkai and lois van baarle, ilya kuvshinov, rossdraws, tom bagshaw, global illumination, radiant light, detailed and intricate environment ",data/images/21.png,diffusiondb
22,"beautiful portrait of a woman, negative no not mona lisa pose, gta v, stephen bliss, unreal engine, fantasy art by greg rutkowski, loish, rhads, ferdinand knab, makoto shinkai and lois van baarle, ilya kuvshinov, rossdraws, tom bagshaw, global illumination, radiant light, detailed and intricate environment ",data/images/22.png,diffusiondb
23,boy running away from inflatable dinosaur costume ,data/images/23.png,diffusiondb
24,boy running away from inflatable dinosaur costume ,data/images/24.png,diffusiondb
25,boy running away from inflatable dinosaur costume ,data/images/25.png,diffusiondb
26,boy running away from inflatable dinosaur costume ,data/images/26.png,diffusiondb
27,boy running away from inflatable dinosaur costume ,data/images/27.png,diffusiondb
28,boy running away from inflatable dinosaur costume ,data/images/28.png,diffusiondb
29,doge in gta iv ,data/images/29.png,diffusiondb
30,doge in gta iv ,data/images/30.png,diffusiondb
31,doge in gta iv ,data/images/31.png,diffusiondb
32,doge in gta iv ,data/images/32.png,diffusiondb
33,doge in gta iv ,data/images/33.png,diffusiondb
34,doge in gta iv ,data/images/34.png,diffusiondb
35,doge in gta iv ,data/images/35.png,diffusiondb
36,doge in gta iv ,data/images/36.png,diffusiondb
37,doge in gta iv ,data/images/37.png,diffusiondb
38,windows xp background in hell ,data/images/38.png,diffusiondb
39,windows xp background in hell ,data/images/39.png,diffusiondb
40,windows xp background in hell ,data/images/40.png,diffusiondb
41,windows xp background in hell ,data/images/41.png,diffusiondb
42,windows xp background in hell ,data/images/42.png,diffusiondb
43,windows xp background in hell ,data/images/43.png,diffusiondb
44,windows xp background in hell ,data/images/44.png,diffusiondb
45,windows xp background in hell ,data/images/45.png,diffusiondb
46,windows xp background in hell ,data/images/46.png,diffusiondb
47,"photo still of a vietnam war helicopter flying in a red sky, 8 k, studio lighting bright ambient lighting key light, 8 5 mm f 1. 8 ",data/images/47.png,diffusiondb
48,"photo still of a vietnam war helicopter flying in a red sky, 8 k, studio lighting bright ambient lighting key light, 8 5 mm f 1. 8 ",data/images/48.png,diffusiondb
49,"photo still of a vietnam war helicopter flying in a red sky, 8 k, studio lighting bright ambient lighting key light, 8 5 mm f 1. 8 ",data/images/49.png,diffusiondb
50,"photo still of a vietnam war helicopter flying in a red sky, 8 k, studio lighting bright ambient lighting key light, 8 5 mm f 1. 8 ",data/images/50.png,diffusiondb
51,"photo still of a vietnam war helicopter flying in a red sky, 8 k, studio lighting bright ambient lighting key light, 8 5 mm f 1. 8 ",data/images/51.png,diffusiondb
52,"photo still of a vietnam war helicopter flying in a red sky, 8 k, studio lighting bright ambient lighting key light, 8 5 mm f 1. 8 ",data/images/52.png,diffusiondb
53,"photo still of a vietnam war helicopter flying in a red sky, 8 k, studio lighting bright ambient lighting key light, 8 5 mm f 1. 8 ",data/images/53.png,diffusiondb
54,"photo still of a vietnam war helicopter flying in a red sky, 8 k, studio lighting bright ambient lighting key light, 8 5 mm f 1. 8 ",data/images/54.png,diffusiondb
55,"photo still of a vietnam war helicopter flying in a red sky, 8 k, studio lighting bright ambient lighting key light, 8 5 mm f 1. 8 ",data/images/55.png,diffusiondb
56,"a closeup photorealistic photograph of happy blunt smoking snoop dogg at trader vic's bar holding up a trader vic's style tiki mug featuring snoop dogg's face. tiki culture. lit scene. 4 k hd image that's trending on artstation, featured on behance, well rendered, extra crisp, features epic composition and the style of unreal engine. ",data/images/56.png,diffusiondb
57,"a closeup photorealistic photograph of happy blunt smoking snoop dogg at trader vic's bar holding up a trader vic's style tiki mug featuring snoop dogg's face. tiki culture. lit scene. 4 k hd image that's trending on artstation, featured on behance, well rendered, extra crisp, features epic composition and the style of unreal engine. ",data/images/57.png,diffusiondb
58,"a closeup photorealistic photograph of happy blunt smoking snoop dogg at trader vic's bar holding up a trader vic's style tiki mug featuring snoop dogg's face. tiki culture. lit scene. 4 k hd image that's trending on artstation, featured on behance, well rendered, extra crisp, features epic composition and the style of unreal engine. ",data/images/58.png,diffusiondb
59,"a closeup photorealistic photograph of happy blunt smoking snoop dogg at trader vic's bar holding up a trader vic's style tiki mug featuring snoop dogg's face. tiki culture. lit scene. 4 k hd image that's trending on artstation, featured on behance, well rendered, extra crisp, features epic composition and the style of unreal engine. ",data/images/59.png,diffusiondb
60,"a closeup photorealistic photograph of happy blunt smoking snoop dogg at trader vic's bar holding up a trader vic's style tiki mug featuring snoop dogg's face. tiki culture. lit scene. 4 k hd image that's trending on artstation, featured on behance, well rendered, extra crisp, features epic composition and the style of unreal engine. ",data/images/60.png,diffusiondb
61,"a closeup photorealistic photograph of happy blunt smoking snoop dogg at trader vic's bar holding up a trader vic's style tiki mug featuring snoop dogg's face. tiki culture. lit scene. 4 k hd image that's trending on artstation, featured on behance, well rendered, extra crisp, features epic composition and the style of unreal engine. ",data/images/61.png,diffusiondb
62,"a closeup photorealistic photograph of happy blunt smoking snoop dogg at trader vic's bar holding up a trader vic's style tiki mug featuring snoop dogg's face. tiki culture. lit scene. 4 k hd image that's trending on artstation, featured on behance, well rendered, extra crisp, features epic composition and the style of unreal engine. ",data/images/62.png,diffusiondb
63,"a closeup photorealistic photograph of happy blunt smoking snoop dogg at trader vic's bar holding up a trader vic's style tiki mug featuring snoop dogg's face. tiki culture. lit scene. 4 k hd image that's trending on artstation, featured on behance, well rendered, extra crisp, features epic composition and the style of unreal engine. ",data/images/63.png,diffusiondb
64,"a closeup photorealistic photograph of happy blunt smoking snoop dogg at trader vic's bar holding up a trader vic's style tiki mug featuring snoop dogg's face. tiki culture. lit scene. 4 k hd image that's trending on artstation, featured on behance, well rendered, extra crisp, features epic composition and the style of unreal engine. ",data/images/64.png,diffusiondb
65,sphynx cat on money bill ,data/images/65.png,diffusiondb
66,"iron man sitting in front of computer and eating chips with coca cola, sci fi concept art, trending on artstation, highly detailed, intricate, sharp focus, digital art, 8 k ",data/images/66.png,diffusiondb
67,"iron man sitting in front of computer and eating chips with coca cola, sci fi concept art, trending on artstation, highly detailed, intricate, sharp focus, digital art, 8 k ",data/images/67.png,diffusiondb
68,"iron man sitting in front of computer and eating chips with coca cola, sci fi concept art, trending on artstation, highly detailed, intricate, sharp focus, digital art, 8 k ",data/images/68.png,diffusiondb
69,"iron man sitting in front of computer and eating chips with coca cola, sci fi concept art, trending on artstation, highly detailed, intricate, sharp focus, digital art, 8 k ",data/images/69.png,diffusiondb
70,"iron man sitting in front of computer and eating chips with coca cola, sci fi concept art, trending on artstation, highly detailed, intricate, sharp focus, digital art, 8 k ",data/images/70.png,diffusiondb
71,"iron man sitting in front of computer and eating chips with coca cola, sci fi concept art, trending on artstation, highly detailed, intricate, sharp focus, digital art, 8 k ",data/images/71.png,diffusiondb
72,"iron man sitting in front of computer and eating chips with coca cola, sci fi concept art, trending on artstation, highly detailed, intricate, sharp focus, digital art, 8 k ",data/images/72.png,diffusiondb
73,"iron man sitting in front of computer and eating chips with coca cola, sci fi concept art, trending on artstation, highly detailed, intricate, sharp focus, digital art, 8 k ",data/images/73.png,diffusiondb
74,"iron man sitting in front of computer and eating chips with coca cola, sci fi concept art, trending on artstation, highly detailed, intricate, sharp focus, digital art, 8 k ",data/images/74.png,diffusiondb
75,"titan from the anime attack on titan attacks russian multi - storey panels in the city of saransk, russian melancholy, photography ",data/images/75.png,diffusiondb
76,"titan from the anime attack on titan attacks russian multi - storey panels in the city of saransk, russian melancholy, photography ",data/images/76.png,diffusiondb
77,"titan from the anime attack on titan attacks russian multi - storey panels in the city of saransk, russian melancholy, photography ",data/images/77.png,diffusiondb
78,"titan from the anime attack on titan attacks russian multi - storey panels in the city of saransk, russian melancholy, photography ",data/images/78.png,diffusiondb
79,"titan from the anime attack on titan attacks russian multi - storey panels in the city of saransk, russian melancholy, photography ",data/images/79.png,diffusiondb
80,"titan from the anime attack on titan attacks russian multi - storey panels in the city of saransk, russian melancholy, photography ",data/images/80.png,diffusiondb
81,"titan from the anime attack on titan attacks russian multi - storey panels in the city of saransk, russian melancholy, photography ",data/images/81.png,diffusiondb
82,"titan from the anime attack on titan attacks russian multi - storey panels in the city of saransk, russian melancholy, photography ",data/images/82.png,diffusiondb
83,"titan from the anime attack on titan attacks russian multi - storey panels in the city of saransk, russian melancholy, photography ",data/images/83.png,diffusiondb
84,"windows xp background, medieval painting ",data/images/84.png,diffusiondb
85,"windows xp background, medieval painting ",data/images/85.png,diffusiondb
86,"windows xp background, medieval painting ",data/images/86.png,diffusiondb
87,"windows xp background, medieval painting ",data/images/87.png,diffusiondb
88,"windows xp background, medieval painting ",data/images/88.png,diffusiondb
89,"windows xp background, medieval painting ",data/images/89.png,diffusiondb
90,"windows xp background, medieval painting ",data/images/90.png,diffusiondb
91,"windows xp background, medieval painting ",data/images/91.png,diffusiondb
92,"windows xp background, medieval painting ",data/images/92.png,diffusiondb
93,"floating castles, dramatic lighting, epic, octane render, volumetric light, unreal engine, artbreeder, 8 k, background, scene, digital, artwork, high quality, 8 k ",data/images/93.png,diffusiondb
94,"floating castles, dramatic lighting, epic, octane render, volumetric light, unreal engine, artbreeder, 8 k, background, scene, digital, artwork, high quality, 8 k ",data/images/94.png,diffusiondb
95,"floating castles, dramatic lighting, epic, octane render, volumetric light, unreal engine, artbreeder, 8 k, background, scene, digital, artwork, high quality, 8 k ",data/images/95.png,diffusiondb
96,"floating castles, dramatic lighting, epic, octane render, volumetric light, unreal engine, artbreeder, 8 k, background, scene, digital, artwork, high quality, 8 k ",data/images/96.png,diffusiondb
97,"floating castles, dramatic lighting, epic, octane render, volumetric light, unreal engine, artbreeder, 8 k, background, scene, digital, artwork, high quality, 8 k ",data/images/97.png,diffusiondb
98,"floating castles, dramatic lighting, epic, octane render, volumetric light, unreal engine, artbreeder, 8 k, background, scene, digital, artwork, high quality, 8 k ",data/images/98.png,diffusiondb
99,"floating castles, dramatic lighting, epic, octane render, volumetric light, unreal engine, artbreeder, 8 k, background, scene, digital, artwork, high quality, 8 k ",data/images/99.png,diffusiondb
100,"floating castles, dramatic lighting, epic, octane render, volumetric light, unreal engine, artbreeder, 8 k, background, scene, digital, artwork, high quality, 8 k ",data/images/100.png,diffusiondb
101,"floating castles, dramatic lighting, epic, octane render, volumetric light, unreal engine, artbreeder, 8 k, background, scene, digital, artwork, high quality, 8 k ",data/images/101.png,diffusiondb
102,sphynx cat at money bill ,data/images/102.png,diffusiondb
103,serena williams as super girl ,data/images/103.png,diffusiondb
104,"a closeup photorealistic photograph of happy blunt smoking snoop dogg at trader vic's bar holding up a trader vic's style tiki mug featuring snoop dogg's face. tiki culture. lit scene. 4 k hd image that's trending on artstation, featured on behance, well rendered, extra crisp, features epic composition and the style of unreal engine. ",data/images/104.png,diffusiondb
105,"a closeup photorealistic photograph of happy blunt smoking snoop dogg at trader vic's bar holding up a trader vic's style tiki mug featuring snoop dogg's face. tiki culture. lit scene. 4 k hd image that's trending on artstation, featured on behance, well rendered, extra crisp, features epic composition and the style of unreal engine. ",data/images/105.png,diffusiondb
106,"a closeup photorealistic photograph of happy blunt smoking snoop dogg at trader vic's bar holding up a trader vic's style tiki mug featuring snoop dogg's face. tiki culture. lit scene. 4 k hd image that's trending on artstation, featured on behance, well rendered, extra crisp, features epic composition and the style of unreal engine. ",data/images/106.png,diffusiondb
107,"a closeup photorealistic photograph of happy blunt smoking snoop dogg at trader vic's bar holding up a trader vic's style tiki mug featuring snoop dogg's face. tiki culture. lit scene. 4 k hd image that's trending on artstation, featured on behance, well rendered, extra crisp, features epic composition and the style of unreal engine. ",data/images/107.png,diffusiondb
108,"a closeup photorealistic photograph of happy blunt smoking snoop dogg at trader vic's bar holding up a trader vic's style tiki mug featuring snoop dogg's face. tiki culture. lit scene. 4 k hd image that's trending on artstation, featured on behance, well rendered, extra crisp, features epic composition and the style of unreal engine. ",data/images/108.png,diffusiondb
109,"a closeup photorealistic photograph of happy blunt smoking snoop dogg at trader vic's bar holding up a trader vic's style tiki mug featuring snoop dogg's face. tiki culture. lit scene. 4 k hd image that's trending on artstation, featured on behance, well rendered, extra crisp, features epic composition and the style of unreal engine. ",data/images/109.png,diffusiondb
110,"a closeup photorealistic photograph of happy blunt smoking snoop dogg at trader vic's bar holding up a trader vic's style tiki mug featuring snoop dogg's face. tiki culture. lit scene. 4 k hd image that's trending on artstation, featured on behance, well rendered, extra crisp, features epic composition and the style of unreal engine. ",data/images/110.png,diffusiondb
111,"a closeup photorealistic photograph of happy blunt smoking snoop dogg at trader vic's bar holding up a trader vic's style tiki mug featuring snoop dogg's face. tiki culture. lit scene. 4 k hd image that's trending on artstation, featured on behance, well rendered, extra crisp, features epic composition and the style of unreal engine. ",data/images/111.png,diffusiondb
112,"a closeup photorealistic photograph of happy blunt smoking snoop dogg at trader vic's bar holding up a trader vic's style tiki mug featuring snoop dogg's face. tiki culture. lit scene. 4 k hd image that's trending on artstation, featured on behance, well rendered, extra crisp, features epic composition and the style of unreal engine. ",data/images/112.png,diffusiondb
113,"windows xp background on tinted church glass, photorealistic ",data/images/113.png,diffusiondb
114,"windows xp background on tinted church glass, photorealistic ",data/images/114.png,diffusiondb
115,"windows xp background on tinted church glass, photorealistic ",data/images/115.png,diffusiondb
116,"windows xp background on tinted church glass, photorealistic ",data/images/116.png,diffusiondb
117,"windows xp background on tinted church glass, photorealistic ",data/images/117.png,diffusiondb
118,"windows xp background on tinted church glass, photorealistic ",data/images/118.png,diffusiondb
119,"windows xp background on tinted church glass, photorealistic ",data/images/119.png,diffusiondb
120,"windows xp background on tinted church glass, photorealistic ",data/images/120.png,diffusiondb
121,"windows xp background on tinted church glass, photorealistic ",data/images/121.png,diffusiondb
122,"titan from the anime attack on titan attacks russian khrushchevki in the saransk, russian melancholy, photography ",data/images/122.png,diffusiondb
123,"titan from the anime attack on titan attacks russian khrushchevki in the saransk, russian melancholy, photography ",data/images/123.png,diffusiondb
124,"titan from the anime attack on titan attacks russian khrushchevki in the saransk, russian melancholy, photography ",data/images/124.png,diffusiondb
125,"titan from the anime attack on titan attacks russian khrushchevki in the saransk, russian melancholy, photography ",data/images/125.png,diffusiondb
126,"titan from the anime attack on titan attacks russian khrushchevki in the saransk, russian melancholy, photography ",data/images/126.png,diffusiondb
127,"titan from the anime attack on titan attacks russian khrushchevki in the saransk, russian melancholy, photography ",data/images/127.png,diffusiondb
128,"titan from the anime attack on titan attacks russian khrushchevki in the saransk, russian melancholy, photography ",data/images/128.png,diffusiondb
129,"titan from the anime attack on titan attacks russian khrushchevki in the saransk, russian melancholy, photography ",data/images/129.png,diffusiondb
130,"titan from the anime attack on titan attacks russian khrushchevki in the saransk, russian melancholy, photography ",data/images/130.png,diffusiondb
131,"titan from the anime attack on titan attacks russian khrushchevki in the saransk, russian melancholy, photography ",data/images/131.png,diffusiondb
132,"titan from the anime attack on titan attacks russian khrushchevki in the saransk, russian melancholy, photography ",data/images/132.png,diffusiondb
133,"titan from the anime attack on titan attacks russian khrushchevki in the saransk, russian melancholy, photography ",data/images/133.png,diffusiondb
134,"titan from the anime attack on titan attacks russian khrushchevki in the saransk, russian melancholy, photography ",data/images/134.png,diffusiondb
135,"titan from the anime attack on titan attacks russian khrushchevki in the saransk, russian melancholy, photography ",data/images/135.png,diffusiondb
136,"titan from the anime attack on titan attacks russian khrushchevki in the saransk, russian melancholy, photography ",data/images/136.png,diffusiondb
137,"titan from the anime attack on titan attacks russian khrushchevki in the saransk, russian melancholy, photography ",data/images/137.png,diffusiondb
138,"titan from the anime attack on titan attacks russian khrushchevki in the saransk, russian melancholy, photography ",data/images/138.png,diffusiondb
139,"titan from the anime attack on titan attacks russian khrushchevki in the saransk, russian melancholy, photography ",data/images/139.png,diffusiondb
140,"very very intricate photorealistic photo of a realistic version of bowser in an episode of game of thrones, photo is in focus with detailed atmospheric lighting, award - winning details ",data/images/140.png,diffusiondb
141,"very very intricate photorealistic photo of a realistic version of bowser in an episode of game of thrones, photo is in focus with detailed atmospheric lighting, award - winning details ",data/images/141.png,diffusiondb
142,"very very intricate photorealistic photo of a realistic version of bowser in an episode of game of thrones, photo is in focus with detailed atmospheric lighting, award - winning details ",data/images/142.png,diffusiondb
143,"very very intricate photorealistic photo of a realistic version of bowser in an episode of game of thrones, photo is in focus with detailed atmospheric lighting, award - winning details ",data/images/143.png,diffusiondb
144,"very very intricate photorealistic photo of a realistic version of bowser in an episode of game of thrones, photo is in focus with detailed atmospheric lighting, award - winning details ",data/images/144.png,diffusiondb
145,"very very intricate photorealistic photo of a realistic version of bowser in an episode of game of thrones, photo is in focus with detailed atmospheric lighting, award - winning details ",data/images/145.png,diffusiondb
146,"very very intricate photorealistic photo of a realistic version of bowser in an episode of game of thrones, photo is in focus with detailed atmospheric lighting, award - winning details ",data/images/146.png,diffusiondb
147,"very very intricate photorealistic photo of a realistic version of bowser in an episode of game of thrones, photo is in focus with detailed atmospheric lighting, award - winning details ",data/images/147.png,diffusiondb
148,"very very intricate photorealistic photo of a realistic version of bowser in an episode of game of thrones, photo is in focus with detailed atmospheric lighting, award - winning details ",data/images/148.png,diffusiondb
149,movie still of emma watson in tron : legacy ,data/images/149.png,diffusiondb
150,movie still of emma watson in tron : legacy ,data/images/150.png,diffusiondb
151,movie still of emma watson in tron : legacy ,data/images/151.png,diffusiondb
152,movie still of emma watson in tron : legacy ,data/images/152.png,diffusiondb
153,movie still of emma watson in tron : legacy ,data/images/153.png,diffusiondb
154,movie still of emma watson in tron : legacy ,data/images/154.png,diffusiondb
155,movie still of emma watson in tron : legacy ,data/images/155.png,diffusiondb
156,movie still of emma watson in tron : legacy ,data/images/156.png,diffusiondb
157,movie still of emma watson in tron : legacy ,data/images/157.png,diffusiondb
158,"very very intricate photorealistic photo of a realistic version of bowser in an episode of game of thrones, photo is in focus with detailed atmospheric lighting, award - winning details ",data/images/158.png,diffusiondb
159,"very very intricate photorealistic photo of a realistic version of bowser in an episode of game of thrones, photo is in focus with detailed atmospheric lighting, award - winning details ",data/images/159.png,diffusiondb
160,"very very intricate photorealistic photo of a realistic version of bowser in an episode of game of thrones, photo is in focus with detailed atmospheric lighting, award - winning details ",data/images/160.png,diffusiondb
161,"very very intricate photorealistic photo of a realistic version of bowser in an episode of game of thrones, photo is in focus with detailed atmospheric lighting, award - winning details ",data/images/161.png,diffusiondb
162,"very very intricate photorealistic photo of a realistic version of bowser in an episode of game of thrones, photo is in focus with detailed atmospheric lighting, award - winning details ",data/images/162.png,diffusiondb
163,"very very intricate photorealistic photo of a realistic version of bowser in an episode of game of thrones, photo is in focus with detailed atmospheric lighting, award - winning details ",data/images/163.png,diffusiondb
164,"very very intricate photorealistic photo of a realistic version of bowser in an episode of game of thrones, photo is in focus with detailed atmospheric lighting, award - winning details ",data/images/164.png,diffusiondb
165,"very very intricate photorealistic photo of a realistic version of bowser in an episode of game of thrones, photo is in focus with detailed atmospheric lighting, award - winning details ",data/images/165.png,diffusiondb
166,"very very intricate photorealistic photo of a realistic version of bowser in an episode of game of thrones, photo is in focus with detailed atmospheric lighting, award - winning details ",data/images/166.png,diffusiondb
167,image by aivazovsky ,data/images/167.png,diffusiondb
168,image by aivazovsky ,data/images/168.png,diffusiondb
169,image by aivazovsky ,data/images/169.png,diffusiondb
170,image by aivazovsky ,data/images/170.png,diffusiondb
171,image by aivazovsky ,data/images/171.png,diffusiondb
172,image by aivazovsky ,data/images/172.png,diffusiondb
173,image by aivazovsky ,data/images/173.png,diffusiondb
174,image by aivazovsky ,data/images/174.png,diffusiondb
175,image by aivazovsky ,data/images/175.png,diffusiondb
176,"a beautiful tattoo design with a creative skull, hyper realistic, black and white, realism, highly detailed ",data/images/176.png,diffusiondb
177,"a beautiful tattoo design with a creative skull, hyper realistic, black and white, realism, highly detailed ",data/images/177.png,diffusiondb
178,"a beautiful tattoo design with a creative skull, hyper realistic, black and white, realism, highly detailed ",data/images/178.png,diffusiondb
179,"a beautiful tattoo design with a creative skull, hyper realistic, black and white, realism, highly detailed ",data/images/179.png,diffusiondb
180,"a beautiful tattoo design with a creative skull, hyper realistic, black and white, realism, highly detailed ",data/images/180.png,diffusiondb
181,"a beautiful tattoo design with a creative skull, hyper realistic, black and white, realism, highly detailed ",data/images/181.png,diffusiondb
182,"a beautiful tattoo design with a creative skull, hyper realistic, black and white, realism, highly detailed ",data/images/182.png,diffusiondb
183,"a beautiful tattoo design with a creative skull, hyper realistic, black and white, realism, highly detailed ",data/images/183.png,diffusiondb
184,"a beautiful tattoo design with a creative skull, hyper realistic, black and white, realism, highly detailed ",data/images/184.png,diffusiondb
185,"kodak portra 4 0 0, 8 k, highly detailed, britt marling style, award winning colour portrait of a half 8 year old evil boy, half wooden puppet, is totally sad and cries, pink. black, motion blur, 1 9 2 0 s hair, 1 9 2 0 cloth style ",data/images/185.png,diffusiondb
186,"kodak portra 4 0 0, 8 k, highly detailed, britt marling style, award winning colour portrait of a half 8 year old evil boy, half wooden puppet, is totally sad and cries, pink. black, motion blur, 1 9 2 0 s hair, 1 9 2 0 cloth style ",data/images/186.png,diffusiondb
187,"kodak portra 4 0 0, 8 k, highly detailed, britt marling style, award winning colour portrait of a half 8 year old evil boy, half wooden puppet, is totally sad and cries, pink. black, motion blur, 1 9 2 0 s hair, 1 9 2 0 cloth style ",data/images/187.png,diffusiondb
188,"kodak portra 4 0 0, 8 k, highly detailed, britt marling style, award winning colour portrait of a half 8 year old evil boy, half wooden puppet, is totally sad and cries, pink. black, motion blur, 1 9 2 0 s hair, 1 9 2 0 cloth style ",data/images/188.png,diffusiondb
189,"kodak portra 4 0 0, 8 k, highly detailed, britt marling style, award winning colour portrait of a half 8 year old evil boy, half wooden puppet, is totally sad and cries, pink. black, motion blur, 1 9 2 0 s hair, 1 9 2 0 cloth style ",data/images/189.png,diffusiondb
190,"kodak portra 4 0 0, 8 k, highly detailed, britt marling style, award winning colour portrait of a half 8 year old evil boy, half wooden puppet, is totally sad and cries, pink. black, motion blur, 1 9 2 0 s hair, 1 9 2 0 cloth style ",data/images/190.png,diffusiondb
191,"kodak portra 4 0 0, 8 k, highly detailed, britt marling style, award winning colour portrait of a half 8 year old evil boy, half wooden puppet, is totally sad and cries, pink. black, motion blur, 1 9 2 0 s hair, 1 9 2 0 cloth style ",data/images/191.png,diffusiondb
192,"kodak portra 4 0 0, 8 k, highly detailed, britt marling style, award winning colour portrait of a half 8 year old evil boy, half wooden puppet, is totally sad and cries, pink. black, motion blur, 1 9 2 0 s hair, 1 9 2 0 cloth style ",data/images/192.png,diffusiondb
193,"kodak portra 4 0 0, 8 k, highly detailed, britt marling style, award winning colour portrait of a half 8 year old evil boy, half wooden puppet, is totally sad and cries, pink. black, motion blur, 1 9 2 0 s hair, 1 9 2 0 cloth style ",data/images/193.png,diffusiondb
194,"portrait of joe biden, smiling down from above turning barely away, artstation winner by victo ngai, kilian eng and by jake parker vibrant colors, winning - award masterpiece, fantastically gaudy, aesthetic octane render, 8 k hd resolution ",data/images/194.png,diffusiondb
195,"portrait of joe biden, smiling down from above turning barely away, artstation winner by victo ngai, kilian eng and by jake parker vibrant colors, winning - award masterpiece, fantastically gaudy, aesthetic octane render, 8 k hd resolution ",data/images/195.png,diffusiondb
196,"portrait of joe biden, smiling down from above turning barely away, artstation winner by victo ngai, kilian eng and by jake parker vibrant colors, winning - award masterpiece, fantastically gaudy, aesthetic octane render, 8 k hd resolution ",data/images/196.png,diffusiondb
197,"portrait of joe biden, smiling down from above turning barely away, artstation winner by victo ngai, kilian eng and by jake parker vibrant colors, winning - award masterpiece, fantastically gaudy, aesthetic octane render, 8 k hd resolution ",data/images/197.png,diffusiondb
198,"portrait of joe biden, smiling down from above turning barely away, artstation winner by victo ngai, kilian eng and by jake parker vibrant colors, winning - award masterpiece, fantastically gaudy, aesthetic octane render, 8 k hd resolution ",data/images/198.png,diffusiondb
199,"portrait of joe biden, smiling down from above turning barely away, artstation winner by victo ngai, kilian eng and by jake parker vibrant colors, winning - award masterpiece, fantastically gaudy, aesthetic octane render, 8 k hd resolution ",data/images/199.png,diffusiondb
200,"portrait of joe biden, smiling down from above turning barely away, artstation winner by victo ngai, kilian eng and by jake parker vibrant colors, winning - award masterpiece, fantastically gaudy, aesthetic octane render, 8 k hd resolution ",data/images/200.png,diffusiondb
201,"portrait of joe biden, smiling down from above turning barely away, artstation winner by victo ngai, kilian eng and by jake parker vibrant colors, winning - award masterpiece, fantastically gaudy, aesthetic octane render, 8 k hd resolution ",data/images/201.png,diffusiondb
202,"group of people in simple warehouse, looking at hologram of futuristic city on a table, cinematic concept art, godrays, golden hour, natural sunlight, 4 k, clear details, tabletop model buildings, center model buildings, hologram center, crane shot, crane shot, crane shot ",data/images/202.png,diffusiondb
203,"group of people in simple warehouse, looking at hologram of futuristic city on a table, cinematic concept art, godrays, golden hour, natural sunlight, 4 k, clear details, tabletop model buildings, center model buildings, hologram center, crane shot, crane shot, crane shot ",data/images/203.png,diffusiondb
204,"group of people in simple warehouse, looking at hologram of futuristic city on a table, cinematic concept art, godrays, golden hour, natural sunlight, 4 k, clear details, tabletop model buildings, center model buildings, hologram center, crane shot, crane shot, crane shot ",data/images/204.png,diffusiondb
205,"group of people in simple warehouse, looking at hologram of futuristic city on a table, cinematic concept art, godrays, golden hour, natural sunlight, 4 k, clear details, tabletop model buildings, center model buildings, hologram center, crane shot, crane shot, crane shot ",data/images/205.png,diffusiondb
206,"group of people in simple warehouse, looking at hologram of futuristic city on a table, cinematic concept art, godrays, golden hour, natural sunlight, 4 k, clear details, tabletop model buildings, center model buildings, hologram center, crane shot, crane shot, crane shot ",data/images/206.png,diffusiondb
207,"group of people in simple warehouse, looking at hologram of futuristic city on a table, cinematic concept art, godrays, golden hour, natural sunlight, 4 k, clear details, tabletop model buildings, center model buildings, hologram center, crane shot, crane shot, crane shot ",data/images/207.png,diffusiondb
208,"group of people in simple warehouse, looking at hologram of futuristic city on a table, cinematic concept art, godrays, golden hour, natural sunlight, 4 k, clear details, tabletop model buildings, center model buildings, hologram center, crane shot, crane shot, crane shot ",data/images/208.png,diffusiondb
209,"group of people in simple warehouse, looking at hologram of futuristic city on a table, cinematic concept art, godrays, golden hour, natural sunlight, 4 k, clear details, tabletop model buildings, center model buildings, hologram center, crane shot, crane shot, crane shot ",data/images/209.png,diffusiondb
210,"group of people in simple warehouse, looking at hologram of futuristic city on a table, cinematic concept art, godrays, golden hour, natural sunlight, 4 k, clear details, tabletop model buildings, center model buildings, hologram center, crane shot, crane shot, crane shot ",data/images/210.png,diffusiondb
211,"iron man eats chips and plays in laptop in detailed gamer room, coke and chips on table, cyberpunk concept art, trending on artstation, highly detailed, digital art, 8 k ",data/images/211.png,diffusiondb
212,"iron man eats chips and plays in laptop in detailed gamer room, coke and chips on table, cyberpunk concept art, trending on artstation, highly detailed, digital art, 8 k ",data/images/212.png,diffusiondb
213,"iron man eats chips and plays in laptop in detailed gamer room, coke and chips on table, cyberpunk concept art, trending on artstation, highly detailed, digital art, 8 k ",data/images/213.png,diffusiondb
214,"iron man eats chips and plays in laptop in detailed gamer room, coke and chips on table, cyberpunk concept art, trending on artstation, highly detailed, digital art, 8 k ",data/images/214.png,diffusiondb
215,"iron man eats chips and plays in laptop in detailed gamer room, coke and chips on table, cyberpunk concept art, trending on artstation, highly detailed, digital art, 8 k ",data/images/215.png,diffusiondb
216,"iron man eats chips and plays in laptop in detailed gamer room, coke and chips on table, cyberpunk concept art, trending on artstation, highly detailed, digital art, 8 k ",data/images/216.png,diffusiondb
217,"iron man eats chips and plays in laptop in detailed gamer room, coke and chips on table, cyberpunk concept art, trending on artstation, highly detailed, digital art, 8 k ",data/images/217.png,diffusiondb
218,"iron man eats chips and plays in laptop in detailed gamer room, coke and chips on table, cyberpunk concept art, trending on artstation, highly detailed, digital art, 8 k ",data/images/218.png,diffusiondb
219,"iron man eats chips and plays in laptop in detailed gamer room, coke and chips on table, cyberpunk concept art, trending on artstation, highly detailed, digital art, 8 k ",data/images/219.png,diffusiondb
220,champs elysees by leonid afremov ,data/images/220.png,diffusiondb
221,champs elysees by leonid afremov ,data/images/221.png,diffusiondb
222,champs elysees by leonid afremov ,data/images/222.png,diffusiondb
223,champs elysees by leonid afremov ,data/images/223.png,diffusiondb
224,champs elysees by leonid afremov ,data/images/224.png,diffusiondb
225,champs elysees by leonid afremov ,data/images/225.png,diffusiondb
226,"group of people in simple warehouse, looking at hologram of futuristic city on a table, cinematic concept art, godrays, golden hour, natural sunlight, 4 k, clear details, tabletop model buildings, center model buildings, hologram center, crane shot, crane shot, crane shot ",data/images/226.png,diffusiondb
227,"group of people in simple warehouse, looking at hologram of futuristic city on a table, cinematic concept art, godrays, golden hour, natural sunlight, 4 k, clear details, tabletop model buildings, center model buildings, hologram center, crane shot, crane shot, crane shot ",data/images/227.png,diffusiondb
228,"group of people in simple warehouse, looking at hologram of futuristic city on a table, cinematic concept art, godrays, golden hour, natural sunlight, 4 k, clear details, tabletop model buildings, center model buildings, hologram center, crane shot, crane shot, crane shot ",data/images/228.png,diffusiondb
229,"group of people in simple warehouse, looking at hologram of futuristic city on a table, cinematic concept art, godrays, golden hour, natural sunlight, 4 k, clear details, tabletop model buildings, center model buildings, hologram center, crane shot, crane shot, crane shot ",data/images/229.png,diffusiondb
230,"group of people in simple warehouse, looking at hologram of futuristic city on a table, cinematic concept art, godrays, golden hour, natural sunlight, 4 k, clear details, tabletop model buildings, center model buildings, hologram center, crane shot, crane shot, crane shot ",data/images/230.png,diffusiondb
231,"group of people in simple warehouse, looking at hologram of futuristic city on a table, cinematic concept art, godrays, golden hour, natural sunlight, 4 k, clear details, tabletop model buildings, center model buildings, hologram center, crane shot, crane shot, crane shot ",data/images/231.png,diffusiondb
232,"group of people in simple warehouse, looking at hologram of futuristic city on a table, cinematic concept art, godrays, golden hour, natural sunlight, 4 k, clear details, tabletop model buildings, center model buildings, hologram center, crane shot, crane shot, crane shot ",data/images/232.png,diffusiondb
233,"group of people in simple warehouse, looking at hologram of futuristic city on a table, cinematic concept art, godrays, golden hour, natural sunlight, 4 k, clear details, tabletop model buildings, center model buildings, hologram center, crane shot, crane shot, crane shot ",data/images/233.png,diffusiondb
234,"group of people in simple warehouse, looking at hologram of futuristic city on a table, cinematic concept art, godrays, golden hour, natural sunlight, 4 k, clear details, tabletop model buildings, center model buildings, hologram center, crane shot, crane shot, crane shot ",data/images/234.png,diffusiondb
235,"combat ninja robot designed by jony ive and dieter rams, warframe, portrait, cyberpunk 2 0 2 0 manual, by steampoweredmikej, by tim bradstreet, inktober, ink drawing, black and white, coloring pages, manga, highly detailed ",data/images/235.png,diffusiondb
236,"combat ninja robot designed by jony ive and dieter rams, warframe, portrait, cyberpunk 2 0 2 0 manual, by steampoweredmikej, by tim bradstreet, inktober, ink drawing, black and white, coloring pages, manga, highly detailed ",data/images/236.png,diffusiondb
237,"combat ninja robot designed by jony ive and dieter rams, warframe, portrait, cyberpunk 2 0 2 0 manual, by steampoweredmikej, by tim bradstreet, inktober, ink drawing, black and white, coloring pages, manga, highly detailed ",data/images/237.png,diffusiondb
238,"combat ninja robot designed by jony ive and dieter rams, warframe, portrait, cyberpunk 2 0 2 0 manual, by steampoweredmikej, by tim bradstreet, inktober, ink drawing, black and white, coloring pages, manga, highly detailed ",data/images/238.png,diffusiondb
239,"combat ninja robot designed by jony ive and dieter rams, warframe, portrait, cyberpunk 2 0 2 0 manual, by steampoweredmikej, by tim bradstreet, inktober, ink drawing, black and white, coloring pages, manga, highly detailed ",data/images/239.png,diffusiondb
240,"combat ninja robot designed by jony ive and dieter rams, warframe, portrait, cyberpunk 2 0 2 0 manual, by steampoweredmikej, by tim bradstreet, inktober, ink drawing, black and white, coloring pages, manga, highly detailed ",data/images/240.png,diffusiondb
241,"combat ninja robot designed by jony ive and dieter rams, warframe, portrait, cyberpunk 2 0 2 0 manual, by steampoweredmikej, by tim bradstreet, inktober, ink drawing, black and white, coloring pages, manga, highly detailed ",data/images/241.png,diffusiondb
242,"combat ninja robot designed by jony ive and dieter rams, warframe, portrait, cyberpunk 2 0 2 0 manual, by steampoweredmikej, by tim bradstreet, inktober, ink drawing, black and white, coloring pages, manga, highly detailed ",data/images/242.png,diffusiondb
243,"combat ninja robot designed by jony ive and dieter rams, warframe, portrait, cyberpunk 2 0 2 0 manual, by steampoweredmikej, by tim bradstreet, inktober, ink drawing, black and white, coloring pages, manga, highly detailed ",data/images/243.png,diffusiondb
244,"candid portrait of joe biden gazing off, smiling down from above, artstation winner by victo ngai, kilian eng and by jake parker vibrant colors, winning - award masterpiece, fantastically gaudy, aesthetic octane render, 8 k hd resolution ",data/images/244.png,diffusiondb
245,"candid portrait of joe biden gazing off, smiling down from above, artstation winner by victo ngai, kilian eng and by jake parker vibrant colors, winning - award masterpiece, fantastically gaudy, aesthetic octane render, 8 k hd resolution ",data/images/245.png,diffusiondb
246,"candid portrait of joe biden gazing off, smiling down from above, artstation winner by victo ngai, kilian eng and by jake parker vibrant colors, winning - award masterpiece, fantastically gaudy, aesthetic octane render, 8 k hd resolution ",data/images/246.png,diffusiondb
247,"candid portrait of joe biden gazing off, smiling down from above, artstation winner by victo ngai, kilian eng and by jake parker vibrant colors, winning - award masterpiece, fantastically gaudy, aesthetic octane render, 8 k hd resolution ",data/images/247.png,diffusiondb
248,"candid portrait of joe biden gazing off, smiling down from above, artstation winner by victo ngai, kilian eng and by jake parker vibrant colors, winning - award masterpiece, fantastically gaudy, aesthetic octane render, 8 k hd resolution ",data/images/248.png,diffusiondb
249,"candid portrait of joe biden gazing off, smiling down from above, artstation winner by victo ngai, kilian eng and by jake parker vibrant colors, winning - award masterpiece, fantastically gaudy, aesthetic octane render, 8 k hd resolution ",data/images/249.png,diffusiondb
250,"candid portrait of joe biden gazing off, smiling down from above, artstation winner by victo ngai, kilian eng and by jake parker vibrant colors, winning - award masterpiece, fantastically gaudy, aesthetic octane render, 8 k hd resolution ",data/images/250.png,diffusiondb
251,"candid portrait of joe biden gazing off, smiling down from above, artstation winner by victo ngai, kilian eng and by jake parker vibrant colors, winning - award masterpiece, fantastically gaudy, aesthetic octane render, 8 k hd resolution ",data/images/251.png,diffusiondb
252,vice president cheney on a whaling boat facing off against a mighty whale in the sea ,data/images/252.png,diffusiondb
253,vice president cheney on a whaling boat facing off against a mighty whale in the sea ,data/images/253.png,diffusiondb
254,vice president cheney on a whaling boat facing off against a mighty whale in the sea ,data/images/254.png,diffusiondb
255,vice president cheney on a whaling boat facing off against a mighty whale in the sea ,data/images/255.png,diffusiondb
256,vice president cheney on a whaling boat facing off against a mighty whale in the sea ,data/images/256.png,diffusiondb
257,vice president cheney on a whaling boat facing off against a mighty whale in the sea ,data/images/257.png,diffusiondb
258,vice president cheney on a whaling boat facing off against a mighty whale in the sea ,data/images/258.png,diffusiondb
259,vice president cheney on a whaling boat facing off against a mighty whale in the sea ,data/images/259.png,diffusiondb
260,vice president cheney on a whaling boat facing off against a mighty whale in the sea ,data/images/260.png,diffusiondb
261,"combat ninja robot designed by jony ive and dieter rams, warframe art, portrait, cyberpunk 2 0 2 0 manual, by steampoweredmikej, by tim bradstreet, inktober, ink drawing, black and white, coloring pages, manga, highly detailed ",data/images/261.png,diffusiondb
262,"combat ninja robot designed by jony ive and dieter rams, warframe art, portrait, cyberpunk 2 0 2 0 manual, by steampoweredmikej, by tim bradstreet, inktober, ink drawing, black and white, coloring pages, manga, highly detailed ",data/images/262.png,diffusiondb
263,"combat ninja robot designed by jony ive and dieter rams, warframe art, portrait, cyberpunk 2 0 2 0 manual, by steampoweredmikej, by tim bradstreet, inktober, ink drawing, black and white, coloring pages, manga, highly detailed ",data/images/263.png,diffusiondb
264,"combat ninja robot designed by jony ive and dieter rams, warframe art, portrait, cyberpunk 2 0 2 0 manual, by steampoweredmikej, by tim bradstreet, inktober, ink drawing, black and white, coloring pages, manga, highly detailed ",data/images/264.png,diffusiondb
265,"combat ninja robot designed by jony ive and dieter rams, warframe art, portrait, cyberpunk 2 0 2 0 manual, by steampoweredmikej, by tim bradstreet, inktober, ink drawing, black and white, coloring pages, manga, highly detailed ",data/images/265.png,diffusiondb
266,"combat ninja robot designed by jony ive and dieter rams, warframe art, portrait, cyberpunk 2 0 2 0 manual, by steampoweredmikej, by tim bradstreet, inktober, ink drawing, black and white, coloring pages, manga, highly detailed ",data/images/266.png,diffusiondb
267,"combat ninja robot designed by jony ive and dieter rams, warframe art, portrait, cyberpunk 2 0 2 0 manual, by steampoweredmikej, by tim bradstreet, inktober, ink drawing, black and white, coloring pages, manga, highly detailed ",data/images/267.png,diffusiondb
268,"combat ninja robot designed by jony ive and dieter rams, warframe art, portrait, cyberpunk 2 0 2 0 manual, by steampoweredmikej, by tim bradstreet, inktober, ink drawing, black and white, coloring pages, manga, highly detailed ",data/images/268.png,diffusiondb
269,"combat ninja robot designed by jony ive and dieter rams, warframe art, portrait, cyberpunk 2 0 2 0 manual, by steampoweredmikej, by tim bradstreet, inktober, ink drawing, black and white, coloring pages, manga, highly detailed ",data/images/269.png,diffusiondb
270,vice president cheney hunting a great whale with a spear ,data/images/270.png,diffusiondb
271,vice president cheney hunting a great whale with a spear ,data/images/271.png,diffusiondb
272,vice president cheney hunting a great whale with a spear ,data/images/272.png,diffusiondb
273,vice president cheney hunting a great whale with a spear ,data/images/273.png,diffusiondb
274,vice president cheney hunting a great whale with a spear ,data/images/274.png,diffusiondb
275,vice president cheney hunting a great whale with a spear ,data/images/275.png,diffusiondb
276,vice president cheney hunting a great whale with a spear ,data/images/276.png,diffusiondb
277,vice president cheney hunting a great whale with a spear ,data/images/277.png,diffusiondb
278,vice president cheney hunting a great whale with a spear ,data/images/278.png,diffusiondb
279,"a full body character design by artgerm, greg rutkowski and alphonse mucha. sci - fi dagger. golden and translucent plastic tape project show attctive showgirl!! sci - fi helmet!! sharp edges. contour light effect!!. ultra detailed, elegant, intricate, octane render. ",data/images/279.png,diffusiondb
280,"a full body character design by artgerm, greg rutkowski and alphonse mucha. sci - fi dagger. golden and translucent plastic tape project show attctive showgirl!! sci - fi helmet!! sharp edges. contour light effect!!. ultra detailed, elegant, intricate, octane render. ",data/images/280.png,diffusiondb
281,"a full body character design by artgerm, greg rutkowski and alphonse mucha. sci - fi dagger. golden and translucent plastic tape project show attctive showgirl!! sci - fi helmet!! sharp edges. contour light effect!!. ultra detailed, elegant, intricate, octane render. ",data/images/281.png,diffusiondb
282,"a full body character design by artgerm, greg rutkowski and alphonse mucha. sci - fi dagger. golden and translucent plastic tape project show attctive showgirl!! sci - fi helmet!! sharp edges. contour light effect!!. ultra detailed, elegant, intricate, octane render. ",data/images/282.png,diffusiondb
283,"a full body character design by artgerm, greg rutkowski and alphonse mucha. sci - fi dagger. golden and translucent plastic tape project show attctive showgirl!! sci - fi helmet!! sharp edges. contour light effect!!. ultra detailed, elegant, intricate, octane render. ",data/images/283.png,diffusiondb
284,"a full body character design by artgerm, greg rutkowski and alphonse mucha. sci - fi dagger. golden and translucent plastic tape project show attctive showgirl!! sci - fi helmet!! sharp edges. contour light effect!!. ultra detailed, elegant, intricate, octane render. ",data/images/284.png,diffusiondb
285,"a full body character design by artgerm, greg rutkowski and alphonse mucha. sci - fi dagger. golden and translucent plastic tape project show attctive showgirl!! sci - fi helmet!! sharp edges. contour light effect!!. ultra detailed, elegant, intricate, octane render. ",data/images/285.png,diffusiondb
286,"a full body character design by artgerm, greg rutkowski and alphonse mucha. sci - fi dagger. golden and translucent plastic tape project show attctive showgirl!! sci - fi helmet!! sharp edges. contour light effect!!. ultra detailed, elegant, intricate, octane render. ",data/images/286.png,diffusiondb
287,"a full body character design by artgerm, greg rutkowski and alphonse mucha. sci - fi dagger. golden and translucent plastic tape project show attctive showgirl!! sci - fi helmet!! sharp edges. contour light effect!!. ultra detailed, elegant, intricate, octane render. ",data/images/287.png,diffusiondb
288,vice president cheney and the white whale ,data/images/288.png,diffusiondb
289,vice president cheney and the white whale ,data/images/289.png,diffusiondb
290,vice president cheney and the white whale ,data/images/290.png,diffusiondb
291,vice president cheney and the white whale ,data/images/291.png,diffusiondb
292,vice president cheney and the white whale ,data/images/292.png,diffusiondb
293,vice president cheney and the white whale ,data/images/293.png,diffusiondb
294,vice president cheney and the white whale ,data/images/294.png,diffusiondb
295,vice president cheney and the white whale ,data/images/295.png,diffusiondb
296,vice president cheney and the white whale ,data/images/296.png,diffusiondb
297,water polo being played with hippos. sports photograph. ,data/images/297.png,diffusiondb
298,water polo being played with hippos. sports photograph. ,data/images/298.png,diffusiondb
299,water polo being played with hippos. sports photograph. ,data/images/299.png,diffusiondb
300,water polo being played with hippos. sports photograph. ,data/images/300.png,diffusiondb
301,water polo being played with hippos. sports photograph. ,data/images/301.png,diffusiondb
302,water polo being played with hippos. sports photograph. ,data/images/302.png,diffusiondb
303,water polo being played with hippos. sports photograph. ,data/images/303.png,diffusiondb
304,water polo being played with hippos. sports photograph. ,data/images/304.png,diffusiondb
305,water polo being played with hippos. sports photograph. ,data/images/305.png,diffusiondb
306,famous person does a funny ,data/images/306.png,diffusiondb
307,famous person does a funny ,data/images/307.png,diffusiondb
308,famous person does a funny ,data/images/308.png,diffusiondb
309,famous person does a funny ,data/images/309.png,diffusiondb
310,"combat ninja robot designed by jony ive and dieter rams, warframe art, feminine proportions, portrait, cyberpunk 2 0 2 0 manual, by steampoweredmikej, by tim bradstreet, inktober, ink drawing, black and white, coloring pages, manga, highly detailed ",data/images/310.png,diffusiondb
311,"combat ninja robot designed by jony ive and dieter rams, warframe art, feminine proportions, portrait, cyberpunk 2 0 2 0 manual, by steampoweredmikej, by tim bradstreet, inktober, ink drawing, black and white, coloring pages, manga, highly detailed ",data/images/311.png,diffusiondb
312,"combat ninja robot designed by jony ive and dieter rams, warframe art, feminine proportions, portrait, cyberpunk 2 0 2 0 manual, by steampoweredmikej, by tim bradstreet, inktober, ink drawing, black and white, coloring pages, manga, highly detailed ",data/images/312.png,diffusiondb
313,"combat ninja robot designed by jony ive and dieter rams, warframe art, feminine proportions, portrait, cyberpunk 2 0 2 0 manual, by steampoweredmikej, by tim bradstreet, inktober, ink drawing, black and white, coloring pages, manga, highly detailed ",data/images/313.png,diffusiondb
314,"combat ninja robot designed by jony ive and dieter rams, warframe art, feminine proportions, portrait, cyberpunk 2 0 2 0 manual, by steampoweredmikej, by tim bradstreet, inktober, ink drawing, black and white, coloring pages, manga, highly detailed ",data/images/314.png,diffusiondb
315,"combat ninja robot designed by jony ive and dieter rams, warframe art, feminine proportions, portrait, cyberpunk 2 0 2 0 manual, by steampoweredmikej, by tim bradstreet, inktober, ink drawing, black and white, coloring pages, manga, highly detailed ",data/images/315.png,diffusiondb
316,"combat ninja robot designed by jony ive and dieter rams, warframe art, feminine proportions, portrait, cyberpunk 2 0 2 0 manual, by steampoweredmikej, by tim bradstreet, inktober, ink drawing, black and white, coloring pages, manga, highly detailed ",data/images/316.png,diffusiondb
317,"combat ninja robot designed by jony ive and dieter rams, warframe art, feminine proportions, portrait, cyberpunk 2 0 2 0 manual, by steampoweredmikej, by tim bradstreet, inktober, ink drawing, black and white, coloring pages, manga, highly detailed ",data/images/317.png,diffusiondb
318,"combat ninja robot designed by jony ive and dieter rams, warframe art, feminine proportions, portrait, cyberpunk 2 0 2 0 manual, by steampoweredmikej, by tim bradstreet, inktober, ink drawing, black and white, coloring pages, manga, highly detailed ",data/images/318.png,diffusiondb
319,water polo with hippopotamuses instead of horses. ,data/images/319.png,diffusiondb
320,water polo with hippopotamuses instead of horses. ,data/images/320.png,diffusiondb
321,water polo with hippopotamuses instead of horses. ,data/images/321.png,diffusiondb
322,water polo with hippopotamuses instead of horses. ,data/images/322.png,diffusiondb
323,water polo with hippopotamuses instead of horses. ,data/images/323.png,diffusiondb
324,water polo with hippopotamuses instead of horses. ,data/images/324.png,diffusiondb
325,water polo with hippopotamuses instead of horses. ,data/images/325.png,diffusiondb
326,water polo with hippopotamuses instead of horses. ,data/images/326.png,diffusiondb
327,water polo with hippopotamuses instead of horses. ,data/images/327.png,diffusiondb
328,polo played with hippopotamuses. sports photograph. ,data/images/328.png,diffusiondb
329,polo played with hippopotamuses. sports photograph. ,data/images/329.png,diffusiondb
330,polo played with hippopotamuses. sports photograph. ,data/images/330.png,diffusiondb
331,polo played with hippopotamuses. sports photograph. ,data/images/331.png,diffusiondb
332,polo played with hippopotamuses. sports photograph. ,data/images/332.png,diffusiondb
333,polo played with hippopotamuses. sports photograph. ,data/images/333.png,diffusiondb
334,polo played with hippopotamuses. sports photograph. ,data/images/334.png,diffusiondb
335,polo played with hippopotamuses. sports photograph. ,data/images/335.png,diffusiondb
336,polo played with hippopotamuses. sports photograph. ,data/images/336.png,diffusiondb
337,"parrots dressed in golden rings, necklaces and with caps on head, rapping and sitting on golden trees, rap scene, trending on artstation, highly detailed, digital art, 8 k ",data/images/337.png,diffusiondb
338,"parrots dressed in golden rings, necklaces and with caps on head, rapping and sitting on golden trees, rap scene, trending on artstation, highly detailed, digital art, 8 k ",data/images/338.png,diffusiondb
339,"parrots dressed in golden rings, necklaces and with caps on head, rapping and sitting on golden trees, rap scene, trending on artstation, highly detailed, digital art, 8 k ",data/images/339.png,diffusiondb
340,"parrots dressed in golden rings, necklaces and with caps on head, rapping and sitting on golden trees, rap scene, trending on artstation, highly detailed, digital art, 8 k ",data/images/340.png,diffusiondb
341,"parrots dressed in golden rings, necklaces and with caps on head, rapping and sitting on golden trees, rap scene, trending on artstation, highly detailed, digital art, 8 k ",data/images/341.png,diffusiondb
342,"parrots dressed in golden rings, necklaces and with caps on head, rapping and sitting on golden trees, rap scene, trending on artstation, highly detailed, digital art, 8 k ",data/images/342.png,diffusiondb
343,"parrots dressed in golden rings, necklaces and with caps on head, rapping and sitting on golden trees, rap scene, trending on artstation, highly detailed, digital art, 8 k ",data/images/343.png,diffusiondb
344,"parrots dressed in golden rings, necklaces and with caps on head, rapping and sitting on golden trees, rap scene, trending on artstation, highly detailed, digital art, 8 k ",data/images/344.png,diffusiondb
345,"parrots dressed in golden rings, necklaces and with caps on head, rapping and sitting on golden trees, rap scene, trending on artstation, highly detailed, digital art, 8 k ",data/images/345.png,diffusiondb
346,"cinestill 5 0 d, 8 k ; esoteric ultrarealistic seinen manga major arcana the magician in ronin ( 1 9 9 0 ) film still temple scene in frontiers in macro clay photography architectural studio june closeup 3 / 4 portrait edition, hyperrealistic real - life flaming tarot card porcelain occult figurine, eye contact, tilt shift wide shot zaha hadid scene background ",data/images/346.png,diffusiondb
347,"cinestill 5 0 d, 8 k ; esoteric ultrarealistic seinen manga major arcana the magician in ronin ( 1 9 9 0 ) film still temple scene in frontiers in macro clay photography architectural studio june closeup 3 / 4 portrait edition, hyperrealistic real - life flaming tarot card porcelain occult figurine, eye contact, tilt shift wide shot zaha hadid scene background ",data/images/347.png,diffusiondb
348,"cinestill 5 0 d, 8 k ; esoteric ultrarealistic seinen manga major arcana the magician in ronin ( 1 9 9 0 ) film still temple scene in frontiers in macro clay photography architectural studio june closeup 3 / 4 portrait edition, hyperrealistic real - life flaming tarot card porcelain occult figurine, eye contact, tilt shift wide shot zaha hadid scene background ",data/images/348.png,diffusiondb
349,"cinestill 5 0 d, 8 k ; esoteric ultrarealistic seinen manga major arcana the magician in ronin ( 1 9 9 0 ) film still temple scene in frontiers in macro clay photography architectural studio june closeup 3 / 4 portrait edition, hyperrealistic real - life flaming tarot card porcelain occult figurine, eye contact, tilt shift wide shot zaha hadid scene background ",data/images/349.png,diffusiondb
350,"cinestill 5 0 d, 8 k ; esoteric ultrarealistic seinen manga major arcana the magician in ronin ( 1 9 9 0 ) film still temple scene in frontiers in macro clay photography architectural studio june closeup 3 / 4 portrait edition, hyperrealistic real - life flaming tarot card porcelain occult figurine, eye contact, tilt shift wide shot zaha hadid scene background ",data/images/350.png,diffusiondb
351,"cinestill 5 0 d, 8 k ; esoteric ultrarealistic seinen manga major arcana the magician in ronin ( 1 9 9 0 ) film still temple scene in frontiers in macro clay photography architectural studio june closeup 3 / 4 portrait edition, hyperrealistic real - life flaming tarot card porcelain occult figurine, eye contact, tilt shift wide shot zaha hadid scene background ",data/images/351.png,diffusiondb
352,"cinestill 5 0 d, 8 k ; esoteric ultrarealistic seinen manga major arcana the magician in ronin ( 1 9 9 0 ) film still temple scene in frontiers in macro clay photography architectural studio june closeup 3 / 4 portrait edition, hyperrealistic real - life flaming tarot card porcelain occult figurine, eye contact, tilt shift wide shot zaha hadid scene background ",data/images/352.png,diffusiondb
353,"cinestill 5 0 d, 8 k ; esoteric ultrarealistic seinen manga major arcana the magician in ronin ( 1 9 9 0 ) film still temple scene in frontiers in macro clay photography architectural studio june closeup 3 / 4 portrait edition, hyperrealistic real - life flaming tarot card porcelain occult figurine, eye contact, tilt shift wide shot zaha hadid scene background ",data/images/353.png,diffusiondb
354,"cinestill 5 0 d, 8 k ; esoteric ultrarealistic seinen manga major arcana the magician in ronin ( 1 9 9 0 ) film still temple scene in frontiers in macro clay photography architectural studio june closeup 3 / 4 portrait edition, hyperrealistic real - life flaming tarot card porcelain occult figurine, eye contact, tilt shift wide shot zaha hadid scene background ",data/images/354.png,diffusiondb
355,"face icon stylized minimalist robotech, loftis, cory behance hd by jesper ejsing, by rhads, makoto shinkai and lois van baarle, ilya kuvshinov, rossdraws global illumination ",data/images/355.png,diffusiondb
356,"face icon stylized minimalist robotech, loftis, cory behance hd by jesper ejsing, by rhads, makoto shinkai and lois van baarle, ilya kuvshinov, rossdraws global illumination ",data/images/356.png,diffusiondb
357,"face icon stylized minimalist robotech, loftis, cory behance hd by jesper ejsing, by rhads, makoto shinkai and lois van baarle, ilya kuvshinov, rossdraws global illumination ",data/images/357.png,diffusiondb
358,"face icon stylized minimalist robotech, loftis, cory behance hd by jesper ejsing, by rhads, makoto shinkai and lois van baarle, ilya kuvshinov, rossdraws global illumination ",data/images/358.png,diffusiondb
359,"face icon stylized minimalist robotech, loftis, cory behance hd by jesper ejsing, by rhads, makoto shinkai and lois van baarle, ilya kuvshinov, rossdraws global illumination ",data/images/359.png,diffusiondb
360,"face icon stylized minimalist robotech, loftis, cory behance hd by jesper ejsing, by rhads, makoto shinkai and lois van baarle, ilya kuvshinov, rossdraws global illumination ",data/images/360.png,diffusiondb
361,"face icon stylized minimalist robotech, loftis, cory behance hd by jesper ejsing, by rhads, makoto shinkai and lois van baarle, ilya kuvshinov, rossdraws global illumination ",data/images/361.png,diffusiondb
362,"face icon stylized minimalist robotech, loftis, cory behance hd by jesper ejsing, by rhads, makoto shinkai and lois van baarle, ilya kuvshinov, rossdraws global illumination ",data/images/362.png,diffusiondb
363,"face icon stylized minimalist robotech, loftis, cory behance hd by jesper ejsing, by rhads, makoto shinkai and lois van baarle, ilya kuvshinov, rossdraws global illumination ",data/images/363.png,diffusiondb
364,"combat ninja robot designed by jony ive and dieter rams, warframe art, female, portrait, cyberpunk 2 0 2 0 manual, by steampoweredmikej, by tim bradstreet, inktober, ink drawing, black and white, coloring pages, manga, highly detailed ",data/images/364.png,diffusiondb
365,"combat ninja robot designed by jony ive and dieter rams, warframe art, female, portrait, cyberpunk 2 0 2 0 manual, by steampoweredmikej, by tim bradstreet, inktober, ink drawing, black and white, coloring pages, manga, highly detailed ",data/images/365.png,diffusiondb
366,"combat ninja robot designed by jony ive and dieter rams, warframe art, female, portrait, cyberpunk 2 0 2 0 manual, by steampoweredmikej, by tim bradstreet, inktober, ink drawing, black and white, coloring pages, manga, highly detailed ",data/images/366.png,diffusiondb
367,"combat ninja robot designed by jony ive and dieter rams, warframe art, female, portrait, cyberpunk 2 0 2 0 manual, by steampoweredmikej, by tim bradstreet, inktober, ink drawing, black and white, coloring pages, manga, highly detailed ",data/images/367.png,diffusiondb
368,"combat ninja robot designed by jony ive and dieter rams, warframe art, female, portrait, cyberpunk 2 0 2 0 manual, by steampoweredmikej, by tim bradstreet, inktober, ink drawing, black and white, coloring pages, manga, highly detailed ",data/images/368.png,diffusiondb
369,"combat ninja robot designed by jony ive and dieter rams, warframe art, female, portrait, cyberpunk 2 0 2 0 manual, by steampoweredmikej, by tim bradstreet, inktober, ink drawing, black and white, coloring pages, manga, highly detailed ",data/images/369.png,diffusiondb
370,"combat ninja robot designed by jony ive and dieter rams, warframe art, female, portrait, cyberpunk 2 0 2 0 manual, by steampoweredmikej, by tim bradstreet, inktober, ink drawing, black and white, coloring pages, manga, highly detailed ",data/images/370.png,diffusiondb
371,"combat ninja robot designed by jony ive and dieter rams, warframe art, female, portrait, cyberpunk 2 0 2 0 manual, by steampoweredmikej, by tim bradstreet, inktober, ink drawing, black and white, coloring pages, manga, highly detailed ",data/images/371.png,diffusiondb
372,"combat ninja robot designed by jony ive and dieter rams, warframe art, female, portrait, cyberpunk 2 0 2 0 manual, by steampoweredmikej, by tim bradstreet, inktober, ink drawing, black and white, coloring pages, manga, highly detailed ",data/images/372.png,diffusiondb
373,"emmanuel macron in les bronzes font du ski movie, full body shot, highly - detailed, sharp focus, award - winning ",data/images/373.png,diffusiondb
374,"emmanuel macron in les bronzes font du ski movie, full body shot, highly - detailed, sharp focus, award - winning ",data/images/374.png,diffusiondb
375,"emmanuel macron in les bronzes font du ski movie, full body shot, highly - detailed, sharp focus, award - winning ",data/images/375.png,diffusiondb
376,"emmanuel macron in les bronzes font du ski movie, full body shot, highly - detailed, sharp focus, award - winning ",data/images/376.png,diffusiondb
377,"emmanuel macron in les bronzes font du ski movie, full body shot, highly - detailed, sharp focus, award - winning ",data/images/377.png,diffusiondb
378,"emmanuel macron in les bronzes font du ski movie, full body shot, highly - detailed, sharp focus, award - winning ",data/images/378.png,diffusiondb
379,"emmanuel macron in les bronzes font du ski movie, full body shot, highly - detailed, sharp focus, award - winning ",data/images/379.png,diffusiondb
380,"emmanuel macron in les bronzes font du ski movie, full body shot, highly - detailed, sharp focus, award - winning ",data/images/380.png,diffusiondb
381,"emmanuel macron in les bronzes font du ski movie, full body shot, highly - detailed, sharp focus, award - winning ",data/images/381.png,diffusiondb
382,a mugshot photograph of the kool - aid man. uhd hyperrealistic photorealisitc hyperdetailed detailed ,data/images/382.png,diffusiondb
383,a mugshot photograph of the kool - aid man. uhd hyperrealistic photorealisitc hyperdetailed detailed ,data/images/383.png,diffusiondb
384,a mugshot photograph of the kool - aid man. uhd hyperrealistic photorealisitc hyperdetailed detailed ,data/images/384.png,diffusiondb
385,a mugshot photograph of the kool - aid man. uhd hyperrealistic photorealisitc hyperdetailed detailed ,data/images/385.png,diffusiondb
386,a mugshot photograph of the kool - aid man. uhd hyperrealistic photorealisitc hyperdetailed detailed ,data/images/386.png,diffusiondb
387,a mugshot photograph of the kool - aid man. uhd hyperrealistic photorealisitc hyperdetailed detailed ,data/images/387.png,diffusiondb
388,a mugshot photograph of the kool - aid man. uhd hyperrealistic photorealisitc hyperdetailed detailed ,data/images/388.png,diffusiondb
389,a mugshot photograph of the kool - aid man. uhd hyperrealistic photorealisitc hyperdetailed detailed ,data/images/389.png,diffusiondb
390,a mugshot photograph of the kool - aid man. uhd hyperrealistic photorealisitc hyperdetailed detailed ,data/images/390.png,diffusiondb
391,"a full body character design by artgerm, greg rutkowski and alphonse mucha. sci - fi dagger. white and yellow tape and red translucent plastic tape project show attctive showgirl!! sci - fi helmet!! sharp edges. contour light effect!!. ultra detailed, elegant, intricate, octane render. ",data/images/391.png,diffusiondb
392,"a full body character design by artgerm, greg rutkowski and alphonse mucha. sci - fi dagger. white and yellow tape and red translucent plastic tape project show attctive showgirl!! sci - fi helmet!! sharp edges. contour light effect!!. ultra detailed, elegant, intricate, octane render. ",data/images/392.png,diffusiondb
393,"a full body character design by artgerm, greg rutkowski and alphonse mucha. sci - fi dagger. white and yellow tape and red translucent plastic tape project show attctive showgirl!! sci - fi helmet!! sharp edges. contour light effect!!. ultra detailed, elegant, intricate, octane render. ",data/images/393.png,diffusiondb
394,"a full body character design by artgerm, greg rutkowski and alphonse mucha. sci - fi dagger. white and yellow tape and red translucent plastic tape project show attctive showgirl!! sci - fi helmet!! sharp edges. contour light effect!!. ultra detailed, elegant, intricate, octane render. ",data/images/394.png,diffusiondb
395,"a full body character design by artgerm, greg rutkowski and alphonse mucha. sci - fi dagger. white and yellow tape and red translucent plastic tape project show attctive showgirl!! sci - fi helmet!! sharp edges. contour light effect!!. ultra detailed, elegant, intricate, octane render. ",data/images/395.png,diffusiondb
396,"a full body character design by artgerm, greg rutkowski and alphonse mucha. sci - fi dagger. white and yellow tape and red translucent plastic tape project show attctive showgirl!! sci - fi helmet!! sharp edges. contour light effect!!. ultra detailed, elegant, intricate, octane render. ",data/images/396.png,diffusiondb
397,"a full body character design by artgerm, greg rutkowski and alphonse mucha. sci - fi dagger. white and yellow tape and red translucent plastic tape project show attctive showgirl!! sci - fi helmet!! sharp edges. contour light effect!!. ultra detailed, elegant, intricate, octane render. ",data/images/397.png,diffusiondb
398,"a full body character design by artgerm, greg rutkowski and alphonse mucha. sci - fi dagger. white and yellow tape and red translucent plastic tape project show attctive showgirl!! sci - fi helmet!! sharp edges. contour light effect!!. ultra detailed, elegant, intricate, octane render. ",data/images/398.png,diffusiondb
399,"a full body character design by artgerm, greg rutkowski and alphonse mucha. sci - fi dagger. white and yellow tape and red translucent plastic tape project show attctive showgirl!! sci - fi helmet!! sharp edges. contour light effect!!. ultra detailed, elegant, intricate, octane render. ",data/images/399.png,diffusiondb
400,"parrots wearing golden rings and necklaces, with rap cap on head, rapping and sitting on golden trees, rap scene, jungle concept art, trending on artstation, highly detailed, digital art, 8 k ",data/images/400.png,diffusiondb
401,"parrots wearing golden rings and necklaces, with rap cap on head, rapping and sitting on golden trees, rap scene, jungle concept art, trending on artstation, highly detailed, digital art, 8 k ",data/images/401.png,diffusiondb
402,"parrots wearing golden rings and necklaces, with rap cap on head, rapping and sitting on golden trees, rap scene, jungle concept art, trending on artstation, highly detailed, digital art, 8 k ",data/images/402.png,diffusiondb
403,"parrots wearing golden rings and necklaces, with rap cap on head, rapping and sitting on golden trees, rap scene, jungle concept art, trending on artstation, highly detailed, digital art, 8 k ",data/images/403.png,diffusiondb
404,"parrots wearing golden rings and necklaces, with rap cap on head, rapping and sitting on golden trees, rap scene, jungle concept art, trending on artstation, highly detailed, digital art, 8 k ",data/images/404.png,diffusiondb
405,"parrots wearing golden rings and necklaces, with rap cap on head, rapping and sitting on golden trees, rap scene, jungle concept art, trending on artstation, highly detailed, digital art, 8 k ",data/images/405.png,diffusiondb
406,"parrots wearing golden rings and necklaces, with rap cap on head, rapping and sitting on golden trees, rap scene, jungle concept art, trending on artstation, highly detailed, digital art, 8 k ",data/images/406.png,diffusiondb
407,"parrots wearing golden rings and necklaces, with rap cap on head, rapping and sitting on golden trees, rap scene, jungle concept art, trending on artstation, highly detailed, digital art, 8 k ",data/images/407.png,diffusiondb
408,"parrots wearing golden rings and necklaces, with rap cap on head, rapping and sitting on golden trees, rap scene, jungle concept art, trending on artstation, highly detailed, digital art, 8 k ",data/images/408.png,diffusiondb
409,"combat ninja robot designed by jony ive and dieter rams, warframe art, feminine proportions, mecha, portrait, cyberpunk 2 0 2 0 manual, by steampoweredmikej, by tim bradstreet, inktober, ink drawing, black and white, coloring pages, manga, highly detailed ",data/images/409.png,diffusiondb
410,"combat ninja robot designed by jony ive and dieter rams, warframe art, feminine proportions, mecha, portrait, cyberpunk 2 0 2 0 manual, by steampoweredmikej, by tim bradstreet, inktober, ink drawing, black and white, coloring pages, manga, highly detailed ",data/images/410.png,diffusiondb
411,"combat ninja robot designed by jony ive and dieter rams, warframe art, feminine proportions, mecha, portrait, cyberpunk 2 0 2 0 manual, by steampoweredmikej, by tim bradstreet, inktober, ink drawing, black and white, coloring pages, manga, highly detailed ",data/images/411.png,diffusiondb
412,"combat ninja robot designed by jony ive and dieter rams, warframe art, feminine proportions, mecha, portrait, cyberpunk 2 0 2 0 manual, by steampoweredmikej, by tim bradstreet, inktober, ink drawing, black and white, coloring pages, manga, highly detailed ",data/images/412.png,diffusiondb
413,"combat ninja robot designed by jony ive and dieter rams, warframe art, feminine proportions, mecha, portrait, cyberpunk 2 0 2 0 manual, by steampoweredmikej, by tim bradstreet, inktober, ink drawing, black and white, coloring pages, manga, highly detailed ",data/images/413.png,diffusiondb
414,"combat ninja robot designed by jony ive and dieter rams, warframe art, feminine proportions, mecha, portrait, cyberpunk 2 0 2 0 manual, by steampoweredmikej, by tim bradstreet, inktober, ink drawing, black and white, coloring pages, manga, highly detailed ",data/images/414.png,diffusiondb
415,"combat ninja robot designed by jony ive and dieter rams, warframe art, feminine proportions, mecha, portrait, cyberpunk 2 0 2 0 manual, by steampoweredmikej, by tim bradstreet, inktober, ink drawing, black and white, coloring pages, manga, highly detailed ",data/images/415.png,diffusiondb
416,"combat ninja robot designed by jony ive and dieter rams, warframe art, feminine proportions, mecha, portrait, cyberpunk 2 0 2 0 manual, by steampoweredmikej, by tim bradstreet, inktober, ink drawing, black and white, coloring pages, manga, highly detailed ",data/images/416.png,diffusiondb
417,"combat ninja robot designed by jony ive and dieter rams, warframe art, feminine proportions, mecha, portrait, cyberpunk 2 0 2 0 manual, by steampoweredmikej, by tim bradstreet, inktober, ink drawing, black and white, coloring pages, manga, highly detailed ",data/images/417.png,diffusiondb
418,pennywise the clown hosting a childrens party ,data/images/418.png,diffusiondb
419,pennywise the clown hosting a childrens party ,data/images/419.png,diffusiondb
420,pennywise the clown hosting a childrens party ,data/images/420.png,diffusiondb
421,pennywise the clown hosting a childrens party ,data/images/421.png,diffusiondb
422,pennywise the clown hosting a childrens party ,data/images/422.png,diffusiondb
423,pennywise the clown hosting a childrens party ,data/images/423.png,diffusiondb
424,pennywise the clown hosting a childrens party ,data/images/424.png,diffusiondb
425,pennywise the clown hosting a childrens party ,data/images/425.png,diffusiondb
426,pennywise the clown hosting a childrens party ,data/images/426.png,diffusiondb
427,polo played with humans and hippopotamuses. sports photograph. ,data/images/427.png,diffusiondb
428,polo played with humans and hippopotamuses. sports photograph. ,data/images/428.png,diffusiondb
429,polo played with humans and hippopotamuses. sports photograph. ,data/images/429.png,diffusiondb
430,polo played with humans and hippopotamuses. sports photograph. ,data/images/430.png,diffusiondb
431,polo played with humans and hippopotamuses. sports photograph. ,data/images/431.png,diffusiondb
432,polo played with humans and hippopotamuses. sports photograph. ,data/images/432.png,diffusiondb
433,polo played with humans and hippopotamuses. sports photograph. ,data/images/433.png,diffusiondb
434,polo played with humans and hippopotamuses. sports photograph. ,data/images/434.png,diffusiondb
435,polo played with humans and hippopotamuses. sports photograph. ,data/images/435.png,diffusiondb
436,"a closeup photorealistic photograph of happy blunt smoking snoop dogg at trader vic's bar sitting next to a trader vic's style tiki mug featuring snoop dogg's face. tiki culture. bright scene. 4 k hd image that's trending on artstation, featured on behance, well rendered, extra crisp, features epic composition and the style of unreal engine. ",data/images/436.png,diffusiondb
437,"a closeup photorealistic photograph of happy blunt smoking snoop dogg at trader vic's bar sitting next to a trader vic's style tiki mug featuring snoop dogg's face. tiki culture. bright scene. 4 k hd image that's trending on artstation, featured on behance, well rendered, extra crisp, features epic composition and the style of unreal engine. ",data/images/437.png,diffusiondb
438,"a closeup photorealistic photograph of happy blunt smoking snoop dogg at trader vic's bar sitting next to a trader vic's style tiki mug featuring snoop dogg's face. tiki culture. bright scene. 4 k hd image that's trending on artstation, featured on behance, well rendered, extra crisp, features epic composition and the style of unreal engine. ",data/images/438.png,diffusiondb
439,"a closeup photorealistic photograph of happy blunt smoking snoop dogg at trader vic's bar sitting next to a trader vic's style tiki mug featuring snoop dogg's face. tiki culture. bright scene. 4 k hd image that's trending on artstation, featured on behance, well rendered, extra crisp, features epic composition and the style of unreal engine. ",data/images/439.png,diffusiondb
440,"a closeup photorealistic photograph of happy blunt smoking snoop dogg at trader vic's bar sitting next to a trader vic's style tiki mug featuring snoop dogg's face. tiki culture. bright scene. 4 k hd image that's trending on artstation, featured on behance, well rendered, extra crisp, features epic composition and the style of unreal engine. ",data/images/440.png,diffusiondb
441,"a closeup photorealistic photograph of happy blunt smoking snoop dogg at trader vic's bar sitting next to a trader vic's style tiki mug featuring snoop dogg's face. tiki culture. bright scene. 4 k hd image that's trending on artstation, featured on behance, well rendered, extra crisp, features epic composition and the style of unreal engine. ",data/images/441.png,diffusiondb
442,"a closeup photorealistic photograph of happy blunt smoking snoop dogg at trader vic's bar sitting next to a trader vic's style tiki mug featuring snoop dogg's face. tiki culture. bright scene. 4 k hd image that's trending on artstation, featured on behance, well rendered, extra crisp, features epic composition and the style of unreal engine. ",data/images/442.png,diffusiondb
443,"a closeup photorealistic photograph of happy blunt smoking snoop dogg at trader vic's bar sitting next to a trader vic's style tiki mug featuring snoop dogg's face. tiki culture. bright scene. 4 k hd image that's trending on artstation, featured on behance, well rendered, extra crisp, features epic composition and the style of unreal engine. ",data/images/443.png,diffusiondb
444,"a closeup photorealistic photograph of happy blunt smoking snoop dogg at trader vic's bar sitting next to a trader vic's style tiki mug featuring snoop dogg's face. tiki culture. bright scene. 4 k hd image that's trending on artstation, featured on behance, well rendered, extra crisp, features epic composition and the style of unreal engine. ",data/images/444.png,diffusiondb
445,water polo played with humans and hippopotamuses. sports photograph. ,data/images/445.png,diffusiondb
446,water polo played with humans and hippopotamuses. sports photograph. ,data/images/446.png,diffusiondb
447,water polo played with humans and hippopotamuses. sports photograph. ,data/images/447.png,diffusiondb
448,water polo played with humans and hippopotamuses. sports photograph. ,data/images/448.png,diffusiondb
449,water polo played with humans and hippopotamuses. sports photograph. ,data/images/449.png,diffusiondb
450,water polo played with humans and hippopotamuses. sports photograph. ,data/images/450.png,diffusiondb
451,water polo played with humans and hippopotamuses. sports photograph. ,data/images/451.png,diffusiondb
452,water polo played with humans and hippopotamuses. sports photograph. ,data/images/452.png,diffusiondb
453,water polo played with humans and hippopotamuses. sports photograph. ,data/images/453.png,diffusiondb
454,moody illustration of alex jones in a depressing small office room with green light and tons of documents stacked up ,data/images/454.png,diffusiondb
455,moody illustration of alex jones in a depressing small office room with green light and tons of documents stacked up ,data/images/455.png,diffusiondb
456,moody illustration of alex jones in a depressing small office room with green light and tons of documents stacked up ,data/images/456.png,diffusiondb
457,moody illustration of alex jones in a depressing small office room with green light and tons of documents stacked up ,data/images/457.png,diffusiondb
458,princess by wlop ,data/images/458.png,diffusiondb
459,princess by wlop ,data/images/459.png,diffusiondb
460,princess by wlop ,data/images/460.png,diffusiondb
461,princess by wlop ,data/images/461.png,diffusiondb
462,princess by wlop ,data/images/462.png,diffusiondb
463,princess by wlop ,data/images/463.png,diffusiondb
464,princess by wlop ,data/images/464.png,diffusiondb
465,princess by wlop ,data/images/465.png,diffusiondb
466,princess by wlop ,data/images/466.png,diffusiondb
467,"hippopotamuses playing with humans, water polo. sports photograph. ",data/images/467.png,diffusiondb
468,"hippopotamuses playing with humans, water polo. sports photograph. ",data/images/468.png,diffusiondb
469,"hippopotamuses playing with humans, water polo. sports photograph. ",data/images/469.png,diffusiondb
470,"hippopotamuses playing with humans, water polo. sports photograph. ",data/images/470.png,diffusiondb
471,"hippopotamuses playing with humans, water polo. sports photograph. ",data/images/471.png,diffusiondb
472,"hippopotamuses playing with humans, water polo. sports photograph. ",data/images/472.png,diffusiondb
473,"hippopotamuses playing with humans, water polo. sports photograph. ",data/images/473.png,diffusiondb
474,"hippopotamuses playing with humans, water polo. sports photograph. ",data/images/474.png,diffusiondb
475,"hippopotamuses playing with humans, water polo. sports photograph. ",data/images/475.png,diffusiondb
476,rwby neo painted miniatures for dungeons & dragons ,data/images/476.png,diffusiondb
477,rwby neo painted miniatures for dungeons & dragons ,data/images/477.png,diffusiondb
478,rwby neo painted miniatures for dungeons & dragons ,data/images/478.png,diffusiondb
479,rwby neo painted miniatures for dungeons & dragons ,data/images/479.png,diffusiondb
480,rwby neo painted miniatures for dungeons & dragons ,data/images/480.png,diffusiondb
481,rwby neo painted miniatures for dungeons & dragons ,data/images/481.png,diffusiondb
482,rwby neo painted miniatures for dungeons & dragons ,data/images/482.png,diffusiondb
483,rwby neo painted miniatures for dungeons & dragons ,data/images/483.png,diffusiondb
484,rwby neo painted miniatures for dungeons & dragons ,data/images/484.png,diffusiondb
485,monkey magician ,data/images/485.png,diffusiondb
486,monkey magician ,data/images/486.png,diffusiondb
487,monkey magician ,data/images/487.png,diffusiondb
488,monkey magician ,data/images/488.png,diffusiondb
489,monkey magician ,data/images/489.png,diffusiondb
490,monkey magician ,data/images/490.png,diffusiondb
491,monkey magician ,data/images/491.png,diffusiondb
492,monkey magician ,data/images/492.png,diffusiondb
493,monkey magician ,data/images/493.png,diffusiondb
494,i dreamed a dream ,data/images/494.png,diffusiondb
495,i dreamed a dream ,data/images/495.png,diffusiondb
496,i dreamed a dream ,data/images/496.png,diffusiondb
497,princess on her throne by wlop ,data/images/497.png,diffusiondb
498,princess on her throne by wlop ,data/images/498.png,diffusiondb
499,princess on her throne by wlop ,data/images/499.png,diffusiondb
500,princess on her throne by wlop ,data/images/500.png,diffusiondb
501,princess on her throne by wlop ,data/images/501.png,diffusiondb
502,princess on her throne by wlop ,data/images/502.png,diffusiondb
503,princess on her throne by wlop ,data/images/503.png,diffusiondb
504,princess on her throne by wlop ,data/images/504.png,diffusiondb
505,princess on her throne by wlop ,data/images/505.png,diffusiondb
506,hippopotamuses playing water polo with people. sports photograph. ,data/images/506.png,diffusiondb
507,hippopotamuses playing water polo with people. sports photograph. ,data/images/507.png,diffusiondb
508,hippopotamuses playing water polo with people. sports photograph. ,data/images/508.png,diffusiondb
509,hippopotamuses playing water polo with people. sports photograph. ,data/images/509.png,diffusiondb
510,hippopotamuses playing water polo with people. sports photograph. ,data/images/510.png,diffusiondb
511,hippopotamuses playing water polo with people. sports photograph. ,data/images/511.png,diffusiondb
512,hippopotamuses playing water polo with people. sports photograph. ,data/images/512.png,diffusiondb
513,hippopotamuses playing water polo with people. sports photograph. ,data/images/513.png,diffusiondb
514,hippopotamuses playing water polo with people. sports photograph. ,data/images/514.png,diffusiondb
515,"a beautiful matte painting of an intercontinental ballistic missile, by bob ross and thomas kinkade ",data/images/515.png,diffusiondb
516,"a beautiful matte painting of an intercontinental ballistic missile, by bob ross and thomas kinkade ",data/images/516.png,diffusiondb
517,"a beautiful matte painting of an intercontinental ballistic missile, by bob ross and thomas kinkade ",data/images/517.png,diffusiondb
518,"a beautiful matte painting of an intercontinental ballistic missile, by bob ross and thomas kinkade ",data/images/518.png,diffusiondb
519,"a beautiful matte painting of an intercontinental ballistic missile, by bob ross and thomas kinkade ",data/images/519.png,diffusiondb
520,"a beautiful matte painting of an intercontinental ballistic missile, by bob ross and thomas kinkade ",data/images/520.png,diffusiondb
521,"a beautiful matte painting of an intercontinental ballistic missile, by bob ross and thomas kinkade ",data/images/521.png,diffusiondb
522,"a beautiful matte painting of an intercontinental ballistic missile, by bob ross and thomas kinkade ",data/images/522.png,diffusiondb
523,"a beautiful matte painting of an intercontinental ballistic missile, by bob ross and thomas kinkade ",data/images/523.png,diffusiondb
524,"a character design by artgerm, greg rutkowski and alphonse mucha. sci - fi dagger. laser white and yellow tape and red translucent plastic tape project show attctive showgirl!! sci - fi helmet electric blue eyes!! sharp edges. contour light effect!! ultra detailed, elegant, intricate, octane render. ",data/images/524.png,diffusiondb
525,"a character design by artgerm, greg rutkowski and alphonse mucha. sci - fi dagger. laser white and yellow tape and red translucent plastic tape project show attctive showgirl!! sci - fi helmet electric blue eyes!! sharp edges. contour light effect!! ultra detailed, elegant, intricate, octane render. ",data/images/525.png,diffusiondb
526,"a character design by artgerm, greg rutkowski and alphonse mucha. sci - fi dagger. laser white and yellow tape and red translucent plastic tape project show attctive showgirl!! sci - fi helmet electric blue eyes!! sharp edges. contour light effect!! ultra detailed, elegant, intricate, octane render. ",data/images/526.png,diffusiondb
527,"a character design by artgerm, greg rutkowski and alphonse mucha. sci - fi dagger. laser white and yellow tape and red translucent plastic tape project show attctive showgirl!! sci - fi helmet electric blue eyes!! sharp edges. contour light effect!! ultra detailed, elegant, intricate, octane render. ",data/images/527.png,diffusiondb
528,"a character design by artgerm, greg rutkowski and alphonse mucha. sci - fi dagger. laser white and yellow tape and red translucent plastic tape project show attctive showgirl!! sci - fi helmet electric blue eyes!! sharp edges. contour light effect!! ultra detailed, elegant, intricate, octane render. ",data/images/528.png,diffusiondb
529,"a character design by artgerm, greg rutkowski and alphonse mucha. sci - fi dagger. laser white and yellow tape and red translucent plastic tape project show attctive showgirl!! sci - fi helmet electric blue eyes!! sharp edges. contour light effect!! ultra detailed, elegant, intricate, octane render. ",data/images/529.png,diffusiondb
530,"a character design by artgerm, greg rutkowski and alphonse mucha. sci - fi dagger. laser white and yellow tape and red translucent plastic tape project show attctive showgirl!! sci - fi helmet electric blue eyes!! sharp edges. contour light effect!! ultra detailed, elegant, intricate, octane render. ",data/images/530.png,diffusiondb
531,"a character design by artgerm, greg rutkowski and alphonse mucha. sci - fi dagger. laser white and yellow tape and red translucent plastic tape project show attctive showgirl!! sci - fi helmet electric blue eyes!! sharp edges. contour light effect!! ultra detailed, elegant, intricate, octane render. ",data/images/531.png,diffusiondb
532,"a character design by artgerm, greg rutkowski and alphonse mucha. sci - fi dagger. laser white and yellow tape and red translucent plastic tape project show attctive showgirl!! sci - fi helmet electric blue eyes!! sharp edges. contour light effect!! ultra detailed, elegant, intricate, octane render. ",data/images/532.png,diffusiondb
533,"combat ninja robot designed by jony ive and dieter rams, warframe art, feminine proportions, detailed helmet, portrait, cyberpunk 2 0 2 0 manual, by steampoweredmikej, by tim bradstreet, inktober, ink drawing, black and white, coloring pages, manga, highly detailed ",data/images/533.png,diffusiondb
534,"combat ninja robot designed by jony ive and dieter rams, warframe art, feminine proportions, detailed helmet, portrait, cyberpunk 2 0 2 0 manual, by steampoweredmikej, by tim bradstreet, inktober, ink drawing, black and white, coloring pages, manga, highly detailed ",data/images/534.png,diffusiondb
535,"combat ninja robot designed by jony ive and dieter rams, warframe art, feminine proportions, detailed helmet, portrait, cyberpunk 2 0 2 0 manual, by steampoweredmikej, by tim bradstreet, inktober, ink drawing, black and white, coloring pages, manga, highly detailed ",data/images/535.png,diffusiondb
536,"combat ninja robot designed by jony ive and dieter rams, warframe art, feminine proportions, detailed helmet, portrait, cyberpunk 2 0 2 0 manual, by steampoweredmikej, by tim bradstreet, inktober, ink drawing, black and white, coloring pages, manga, highly detailed ",data/images/536.png,diffusiondb
537,"combat ninja robot designed by jony ive and dieter rams, warframe art, feminine proportions, detailed helmet, portrait, cyberpunk 2 0 2 0 manual, by steampoweredmikej, by tim bradstreet, inktober, ink drawing, black and white, coloring pages, manga, highly detailed ",data/images/537.png,diffusiondb
538,"combat ninja robot designed by jony ive and dieter rams, warframe art, feminine proportions, detailed helmet, portrait, cyberpunk 2 0 2 0 manual, by steampoweredmikej, by tim bradstreet, inktober, ink drawing, black and white, coloring pages, manga, highly detailed ",data/images/538.png,diffusiondb
539,"combat ninja robot designed by jony ive and dieter rams, warframe art, feminine proportions, detailed helmet, portrait, cyberpunk 2 0 2 0 manual, by steampoweredmikej, by tim bradstreet, inktober, ink drawing, black and white, coloring pages, manga, highly detailed ",data/images/539.png,diffusiondb
540,"combat ninja robot designed by jony ive and dieter rams, warframe art, feminine proportions, detailed helmet, portrait, cyberpunk 2 0 2 0 manual, by steampoweredmikej, by tim bradstreet, inktober, ink drawing, black and white, coloring pages, manga, highly detailed ",data/images/540.png,diffusiondb
541,"combat ninja robot designed by jony ive and dieter rams, warframe art, feminine proportions, detailed helmet, portrait, cyberpunk 2 0 2 0 manual, by steampoweredmikej, by tim bradstreet, inktober, ink drawing, black and white, coloring pages, manga, highly detailed ",data/images/541.png,diffusiondb
542,hippopotamuses playing water polo against people. sports photograph. ,data/images/542.png,diffusiondb
543,hippopotamuses playing water polo against people. sports photograph. ,data/images/543.png,diffusiondb
544,hippopotamuses playing water polo against people. sports photograph. ,data/images/544.png,diffusiondb
545,hippopotamuses playing water polo against people. sports photograph. ,data/images/545.png,diffusiondb
546,hippopotamuses playing water polo against people. sports photograph. ,data/images/546.png,diffusiondb
547,hippopotamuses playing water polo against people. sports photograph. ,data/images/547.png,diffusiondb
548,hippopotamuses playing water polo against people. sports photograph. ,data/images/548.png,diffusiondb
549,hippopotamuses playing water polo against people. sports photograph. ,data/images/549.png,diffusiondb
550,hippopotamuses playing water polo against people. sports photograph. ,data/images/550.png,diffusiondb
551,princess wearing medieval gown by wlop ,data/images/551.png,diffusiondb
552,princess wearing medieval gown by wlop ,data/images/552.png,diffusiondb
553,princess wearing medieval gown by wlop ,data/images/553.png,diffusiondb
554,princess wearing medieval gown by wlop ,data/images/554.png,diffusiondb
555,princess wearing medieval gown by wlop ,data/images/555.png,diffusiondb
556,princess wearing medieval gown by wlop ,data/images/556.png,diffusiondb
557,princess wearing medieval gown by wlop ,data/images/557.png,diffusiondb
558,princess wearing medieval gown by wlop ,data/images/558.png,diffusiondb
559,princess wearing medieval gown by wlop ,data/images/559.png,diffusiondb
560,"a beautiful matte painting of an intercontinental ballistic missile launching from the swiss alps, by bob ross and thomas kinkade ",data/images/560.png,diffusiondb
561,"a beautiful matte painting of an intercontinental ballistic missile launching from the swiss alps, by bob ross and thomas kinkade ",data/images/561.png,diffusiondb
562,"a beautiful matte painting of an intercontinental ballistic missile launching from the swiss alps, by bob ross and thomas kinkade ",data/images/562.png,diffusiondb
563,"a beautiful matte painting of an intercontinental ballistic missile launching from the swiss alps, by bob ross and thomas kinkade ",data/images/563.png,diffusiondb
564,"a beautiful matte painting of an intercontinental ballistic missile launching from the swiss alps, by bob ross and thomas kinkade ",data/images/564.png,diffusiondb
565,"a beautiful matte painting of an intercontinental ballistic missile launching from the swiss alps, by bob ross and thomas kinkade ",data/images/565.png,diffusiondb
566,"a beautiful matte painting of an intercontinental ballistic missile launching from the swiss alps, by bob ross and thomas kinkade ",data/images/566.png,diffusiondb
567,"a beautiful matte painting of an intercontinental ballistic missile launching from the swiss alps, by bob ross and thomas kinkade ",data/images/567.png,diffusiondb
568,"a beautiful matte painting of an intercontinental ballistic missile launching from the swiss alps, by bob ross and thomas kinkade ",data/images/568.png,diffusiondb
569,portrait of a depressed artist by kandinsky and peter mohrbacher ,data/images/569.png,diffusiondb
570,portrait of a depressed artist by kandinsky and peter mohrbacher ,data/images/570.png,diffusiondb
571,portrait of a depressed artist by kandinsky and peter mohrbacher ,data/images/571.png,diffusiondb
572,portrait of a depressed artist by kandinsky and peter mohrbacher ,data/images/572.png,diffusiondb
573,blonde princess by wlop ,data/images/573.png,diffusiondb
574,blonde princess by wlop ,data/images/574.png,diffusiondb
575,blonde princess by wlop ,data/images/575.png,diffusiondb
576,blonde princess by wlop ,data/images/576.png,diffusiondb
577,blonde princess by wlop ,data/images/577.png,diffusiondb
578,blonde princess by wlop ,data/images/578.png,diffusiondb
579,blonde princess by wlop ,data/images/579.png,diffusiondb
580,blonde princess by wlop ,data/images/580.png,diffusiondb
581,blonde princess by wlop ,data/images/581.png,diffusiondb
582,happy duck by peter max ,data/images/582.png,diffusiondb
583,happy duck by peter max ,data/images/583.png,diffusiondb
584,happy duck by peter max ,data/images/584.png,diffusiondb
585,happy duck by peter max ,data/images/585.png,diffusiondb
586,mlp sunset shimmer epic magic glowing painted miniatures for dungeons & dragons ,data/images/586.png,diffusiondb
587,mlp sunset shimmer epic magic glowing painted miniatures for dungeons & dragons ,data/images/587.png,diffusiondb
588,mlp sunset shimmer epic magic glowing painted miniatures for dungeons & dragons ,data/images/588.png,diffusiondb
589,mlp sunset shimmer epic magic glowing painted miniatures for dungeons & dragons ,data/images/589.png,diffusiondb
590,mlp sunset shimmer epic magic glowing painted miniatures for dungeons & dragons ,data/images/590.png,diffusiondb
591,mlp sunset shimmer epic magic glowing painted miniatures for dungeons & dragons ,data/images/591.png,diffusiondb
592,mlp sunset shimmer epic magic glowing painted miniatures for dungeons & dragons ,data/images/592.png,diffusiondb
593,mlp sunset shimmer epic magic glowing painted miniatures for dungeons & dragons ,data/images/593.png,diffusiondb
594,mlp sunset shimmer epic magic glowing painted miniatures for dungeons & dragons ,data/images/594.png,diffusiondb
595,aphrodite by wlop ,data/images/595.png,diffusiondb
596,aphrodite by wlop ,data/images/596.png,diffusiondb
597,aphrodite by wlop ,data/images/597.png,diffusiondb
598,aphrodite by wlop ,data/images/598.png,diffusiondb
599,aphrodite by wlop ,data/images/599.png,diffusiondb
600,aphrodite by wlop ,data/images/600.png,diffusiondb
601,aphrodite by wlop ,data/images/601.png,diffusiondb
602,aphrodite by wlop ,data/images/602.png,diffusiondb
603,aphrodite by wlop ,data/images/603.png,diffusiondb
604,hippopotamuses playing water polo against people. sports photograph. ,data/images/604.png,diffusiondb
605,hippopotamuses playing water polo against people. sports photograph. ,data/images/605.png,diffusiondb
606,hippopotamuses playing water polo against people. sports photograph. ,data/images/606.png,diffusiondb
607,hippopotamuses playing water polo against people. sports photograph. ,data/images/607.png,diffusiondb
608,hippopotamuses playing water polo against people. sports photograph. ,data/images/608.png,diffusiondb
609,hippopotamuses playing water polo against people. sports photograph. ,data/images/609.png,diffusiondb
610,hippopotamuses playing water polo against people. sports photograph. ,data/images/610.png,diffusiondb
611,hippopotamuses playing water polo against people. sports photograph. ,data/images/611.png,diffusiondb
612,hippopotamuses playing water polo against people. sports photograph. ,data/images/612.png,diffusiondb
613,"a full body character design by artgerm, greg rutkowski and alphonse mucha. sci - fi dagger. laser white and yellow tape and red translucent plastic tape project show attctive showgirl!! sci - fi helmet electric blue eyes!! sharp edges. contour light effect!! ultra detailed, elegant, intricate, octane render. ",data/images/613.png,diffusiondb
614,"a full body character design by artgerm, greg rutkowski and alphonse mucha. sci - fi dagger. laser white and yellow tape and red translucent plastic tape project show attctive showgirl!! sci - fi helmet electric blue eyes!! sharp edges. contour light effect!! ultra detailed, elegant, intricate, octane render. ",data/images/614.png,diffusiondb
615,"a full body character design by artgerm, greg rutkowski and alphonse mucha. sci - fi dagger. laser white and yellow tape and red translucent plastic tape project show attctive showgirl!! sci - fi helmet electric blue eyes!! sharp edges. contour light effect!! ultra detailed, elegant, intricate, octane render. ",data/images/615.png,diffusiondb
616,"a full body character design by artgerm, greg rutkowski and alphonse mucha. sci - fi dagger. laser white and yellow tape and red translucent plastic tape project show attctive showgirl!! sci - fi helmet electric blue eyes!! sharp edges. contour light effect!! ultra detailed, elegant, intricate, octane render. ",data/images/616.png,diffusiondb
617,"a full body character design by artgerm, greg rutkowski and alphonse mucha. sci - fi dagger. laser white and yellow tape and red translucent plastic tape project show attctive showgirl!! sci - fi helmet electric blue eyes!! sharp edges. contour light effect!! ultra detailed, elegant, intricate, octane render. ",data/images/617.png,diffusiondb
618,"a full body character design by artgerm, greg rutkowski and alphonse mucha. sci - fi dagger. laser white and yellow tape and red translucent plastic tape project show attctive showgirl!! sci - fi helmet electric blue eyes!! sharp edges. contour light effect!! ultra detailed, elegant, intricate, octane render. ",data/images/618.png,diffusiondb
619,"a full body character design by artgerm, greg rutkowski and alphonse mucha. sci - fi dagger. laser white and yellow tape and red translucent plastic tape project show attctive showgirl!! sci - fi helmet electric blue eyes!! sharp edges. contour light effect!! ultra detailed, elegant, intricate, octane render. ",data/images/619.png,diffusiondb
620,"a full body character design by artgerm, greg rutkowski and alphonse mucha. sci - fi dagger. laser white and yellow tape and red translucent plastic tape project show attctive showgirl!! sci - fi helmet electric blue eyes!! sharp edges. contour light effect!! ultra detailed, elegant, intricate, octane render. ",data/images/620.png,diffusiondb
621,"a full body character design by artgerm, greg rutkowski and alphonse mucha. sci - fi dagger. laser white and yellow tape and red translucent plastic tape project show attctive showgirl!! sci - fi helmet electric blue eyes!! sharp edges. contour light effect!! ultra detailed, elegant, intricate, octane render. ",data/images/621.png,diffusiondb
622,duck by artist peter max ,data/images/622.png,diffusiondb
623,"combat ninja robot designed by dieter rams, warframe art, feminine proportions, detailed helmet, portrait, cyberpunk 2 0 2 0 manual, by steampoweredmikej, by tim bradstreet, inktober, ink drawing, black and white, coloring pages, manga, highly detailed ",data/images/623.png,diffusiondb
624,"combat ninja robot designed by dieter rams, warframe art, feminine proportions, detailed helmet, portrait, cyberpunk 2 0 2 0 manual, by steampoweredmikej, by tim bradstreet, inktober, ink drawing, black and white, coloring pages, manga, highly detailed ",data/images/624.png,diffusiondb
625,"combat ninja robot designed by dieter rams, warframe art, feminine proportions, detailed helmet, portrait, cyberpunk 2 0 2 0 manual, by steampoweredmikej, by tim bradstreet, inktober, ink drawing, black and white, coloring pages, manga, highly detailed ",data/images/625.png,diffusiondb
626,"combat ninja robot designed by dieter rams, warframe art, feminine proportions, detailed helmet, portrait, cyberpunk 2 0 2 0 manual, by steampoweredmikej, by tim bradstreet, inktober, ink drawing, black and white, coloring pages, manga, highly detailed ",data/images/626.png,diffusiondb
627,"combat ninja robot designed by dieter rams, warframe art, feminine proportions, detailed helmet, portrait, cyberpunk 2 0 2 0 manual, by steampoweredmikej, by tim bradstreet, inktober, ink drawing, black and white, coloring pages, manga, highly detailed ",data/images/627.png,diffusiondb
628,"combat ninja robot designed by dieter rams, warframe art, feminine proportions, detailed helmet, portrait, cyberpunk 2 0 2 0 manual, by steampoweredmikej, by tim bradstreet, inktober, ink drawing, black and white, coloring pages, manga, highly detailed ",data/images/628.png,diffusiondb
629,"combat ninja robot designed by dieter rams, warframe art, feminine proportions, detailed helmet, portrait, cyberpunk 2 0 2 0 manual, by steampoweredmikej, by tim bradstreet, inktober, ink drawing, black and white, coloring pages, manga, highly detailed ",data/images/629.png,diffusiondb
630,"combat ninja robot designed by dieter rams, warframe art, feminine proportions, detailed helmet, portrait, cyberpunk 2 0 2 0 manual, by steampoweredmikej, by tim bradstreet, inktober, ink drawing, black and white, coloring pages, manga, highly detailed ",data/images/630.png,diffusiondb
631,"combat ninja robot designed by dieter rams, warframe art, feminine proportions, detailed helmet, portrait, cyberpunk 2 0 2 0 manual, by steampoweredmikej, by tim bradstreet, inktober, ink drawing, black and white, coloring pages, manga, highly detailed ",data/images/631.png,diffusiondb
632,cyberpunk aphrodite by wlop ,data/images/632.png,diffusiondb
633,cyberpunk aphrodite by wlop ,data/images/633.png,diffusiondb
634,cyberpunk aphrodite by wlop ,data/images/634.png,diffusiondb
635,cyberpunk aphrodite by wlop ,data/images/635.png,diffusiondb
636,cyberpunk aphrodite by wlop ,data/images/636.png,diffusiondb
637,cyberpunk aphrodite by wlop ,data/images/637.png,diffusiondb
638,cyberpunk aphrodite by wlop ,data/images/638.png,diffusiondb
639,cyberpunk aphrodite by wlop ,data/images/639.png,diffusiondb
640,cyberpunk aphrodite by wlop ,data/images/640.png,diffusiondb
641,hippopotamuses playing water polo against athletes. sports photograph. ,data/images/641.png,diffusiondb
642,hippopotamuses playing water polo against athletes. sports photograph. ,data/images/642.png,diffusiondb
643,hippopotamuses playing water polo against athletes. sports photograph. ,data/images/643.png,diffusiondb
644,hippopotamuses playing water polo against athletes. sports photograph. ,data/images/644.png,diffusiondb
645,hippopotamuses playing water polo against athletes. sports photograph. ,data/images/645.png,diffusiondb
646,hippopotamuses playing water polo against athletes. sports photograph. ,data/images/646.png,diffusiondb
647,hippopotamuses playing water polo against athletes. sports photograph. ,data/images/647.png,diffusiondb
648,hippopotamuses playing water polo against athletes. sports photograph. ,data/images/648.png,diffusiondb
649,hippopotamuses playing water polo against athletes. sports photograph. ,data/images/649.png,diffusiondb
650,"colorful doodle art, intricate, very detailed, random character doodles, random characters, kerby rosanes, colored pen on white background ",data/images/650.png,diffusiondb
651,"lush underwater kelp forest ecosystem beneath the ice of europa, alien plants and fish, award winning photograph, concept art trending on artstation ",data/images/651.png,diffusiondb
652,"lush underwater kelp forest ecosystem beneath the ice of europa, alien plants and fish, award winning photograph, concept art trending on artstation ",data/images/652.png,diffusiondb
653,"lush underwater kelp forest ecosystem beneath the ice of europa, alien plants and fish, award winning photograph, concept art trending on artstation ",data/images/653.png,diffusiondb
654,"lush underwater kelp forest ecosystem beneath the ice of europa, alien plants and fish, award winning photograph, concept art trending on artstation ",data/images/654.png,diffusiondb
655,"lush underwater kelp forest ecosystem beneath the ice of europa, alien plants and fish, award winning photograph, concept art trending on artstation ",data/images/655.png,diffusiondb
656,"lush underwater kelp forest ecosystem beneath the ice of europa, alien plants and fish, award winning photograph, concept art trending on artstation ",data/images/656.png,diffusiondb
657,"lush underwater kelp forest ecosystem beneath the ice of europa, alien plants and fish, award winning photograph, concept art trending on artstation ",data/images/657.png,diffusiondb
658,"lush underwater kelp forest ecosystem beneath the ice of europa, alien plants and fish, award winning photograph, concept art trending on artstation ",data/images/658.png,diffusiondb
659,"lush underwater kelp forest ecosystem beneath the ice of europa, alien plants and fish, award winning photograph, concept art trending on artstation ",data/images/659.png,diffusiondb
660,"snoop dogg as spiderman, face visible, full body shot, highly - detailed, sharp focus, award - winning ",data/images/660.png,diffusiondb
661,"snoop dogg as spiderman, face visible, full body shot, highly - detailed, sharp focus, award - winning ",data/images/661.png,diffusiondb
662,"snoop dogg as spiderman, face visible, full body shot, highly - detailed, sharp focus, award - winning ",data/images/662.png,diffusiondb
663,"snoop dogg as spiderman, face visible, full body shot, highly - detailed, sharp focus, award - winning ",data/images/663.png,diffusiondb
664,"snoop dogg as spiderman, face visible, full body shot, highly - detailed, sharp focus, award - winning ",data/images/664.png,diffusiondb
665,"snoop dogg as spiderman, face visible, full body shot, highly - detailed, sharp focus, award - winning ",data/images/665.png,diffusiondb
666,"snoop dogg as spiderman, face visible, full body shot, highly - detailed, sharp focus, award - winning ",data/images/666.png,diffusiondb
667,"snoop dogg as spiderman, face visible, full body shot, highly - detailed, sharp focus, award - winning ",data/images/667.png,diffusiondb
668,"snoop dogg as spiderman, face visible, full body shot, highly - detailed, sharp focus, award - winning ",data/images/668.png,diffusiondb
669,artwork by tony hough ,data/images/669.png,diffusiondb
670,artwork by tony hough ,data/images/670.png,diffusiondb
671,artwork by tony hough ,data/images/671.png,diffusiondb
672,artwork by tony hough ,data/images/672.png,diffusiondb
673,"a person standing in front of a glowy open door that's on a barren moon, poster art by mike winkelmann, trending on cg society, space art, sci - fi, ue 5, futuristic, volumetric lighting, light casting onto the ground, neat composition and camera angle ",data/images/673.png,diffusiondb
674,"a person standing in front of a glowy open door that's on a barren moon, poster art by mike winkelmann, trending on cg society, space art, sci - fi, ue 5, futuristic, volumetric lighting, light casting onto the ground, neat composition and camera angle ",data/images/674.png,diffusiondb
675,"a person standing in front of a glowy open door that's on a barren moon, poster art by mike winkelmann, trending on cg society, space art, sci - fi, ue 5, futuristic, volumetric lighting, light casting onto the ground, neat composition and camera angle ",data/images/675.png,diffusiondb
676,"a person standing in front of a glowy open door that's on a barren moon, poster art by mike winkelmann, trending on cg society, space art, sci - fi, ue 5, futuristic, volumetric lighting, light casting onto the ground, neat composition and camera angle ",data/images/676.png,diffusiondb
677,"a person standing in front of a glowy open door that's on a barren moon, poster art by mike winkelmann, trending on cg society, space art, sci - fi, ue 5, futuristic, volumetric lighting, light casting onto the ground, neat composition and camera angle ",data/images/677.png,diffusiondb
678,"a person standing in front of a glowy open door that's on a barren moon, poster art by mike winkelmann, trending on cg society, space art, sci - fi, ue 5, futuristic, volumetric lighting, light casting onto the ground, neat composition and camera angle ",data/images/678.png,diffusiondb
679,"a person standing in front of a glowy open door that's on a barren moon, poster art by mike winkelmann, trending on cg society, space art, sci - fi, ue 5, futuristic, volumetric lighting, light casting onto the ground, neat composition and camera angle ",data/images/679.png,diffusiondb
680,"a person standing in front of a glowy open door that's on a barren moon, poster art by mike winkelmann, trending on cg society, space art, sci - fi, ue 5, futuristic, volumetric lighting, light casting onto the ground, neat composition and camera angle ",data/images/680.png,diffusiondb
681,"a person standing in front of a glowy open door that's on a barren moon, poster art by mike winkelmann, trending on cg society, space art, sci - fi, ue 5, futuristic, volumetric lighting, light casting onto the ground, neat composition and camera angle ",data/images/681.png,diffusiondb
682,"combat ninja robot, warframe art, feminine proportions, detailed helmet, portrait, cyberpunk 2 0 2 0 manual, by steampoweredmikej, by tim bradstreet, inktober, ink drawing, black and white, coloring pages, manga, highly detailed ",data/images/682.png,diffusiondb
683,"combat ninja robot, warframe art, feminine proportions, detailed helmet, portrait, cyberpunk 2 0 2 0 manual, by steampoweredmikej, by tim bradstreet, inktober, ink drawing, black and white, coloring pages, manga, highly detailed ",data/images/683.png,diffusiondb
684,"combat ninja robot, warframe art, feminine proportions, detailed helmet, portrait, cyberpunk 2 0 2 0 manual, by steampoweredmikej, by tim bradstreet, inktober, ink drawing, black and white, coloring pages, manga, highly detailed ",data/images/684.png,diffusiondb
685,"combat ninja robot, warframe art, feminine proportions, detailed helmet, portrait, cyberpunk 2 0 2 0 manual, by steampoweredmikej, by tim bradstreet, inktober, ink drawing, black and white, coloring pages, manga, highly detailed ",data/images/685.png,diffusiondb
686,"combat ninja robot, warframe art, feminine proportions, detailed helmet, portrait, cyberpunk 2 0 2 0 manual, by steampoweredmikej, by tim bradstreet, inktober, ink drawing, black and white, coloring pages, manga, highly detailed ",data/images/686.png,diffusiondb
687,"combat ninja robot, warframe art, feminine proportions, detailed helmet, portrait, cyberpunk 2 0 2 0 manual, by steampoweredmikej, by tim bradstreet, inktober, ink drawing, black and white, coloring pages, manga, highly detailed ",data/images/687.png,diffusiondb
688,"combat ninja robot, warframe art, feminine proportions, detailed helmet, portrait, cyberpunk 2 0 2 0 manual, by steampoweredmikej, by tim bradstreet, inktober, ink drawing, black and white, coloring pages, manga, highly detailed ",data/images/688.png,diffusiondb
689,"combat ninja robot, warframe art, feminine proportions, detailed helmet, portrait, cyberpunk 2 0 2 0 manual, by steampoweredmikej, by tim bradstreet, inktober, ink drawing, black and white, coloring pages, manga, highly detailed ",data/images/689.png,diffusiondb
690,"combat ninja robot, warframe art, feminine proportions, detailed helmet, portrait, cyberpunk 2 0 2 0 manual, by steampoweredmikej, by tim bradstreet, inktober, ink drawing, black and white, coloring pages, manga, highly detailed ",data/images/690.png,diffusiondb
691,"colorful monster doodle art, intricate, kerby rosanes, white background ",data/images/691.png,diffusiondb
692,hippopotamuses playing water polo against people. water polo photograph. ,data/images/692.png,diffusiondb
693,hippopotamuses playing water polo against people. water polo photograph. ,data/images/693.png,diffusiondb
694,hippopotamuses playing water polo against people. water polo photograph. ,data/images/694.png,diffusiondb
695,hippopotamuses playing water polo against people. water polo photograph. ,data/images/695.png,diffusiondb
696,hippopotamuses playing water polo against people. water polo photograph. ,data/images/696.png,diffusiondb
697,hippopotamuses playing water polo against people. water polo photograph. ,data/images/697.png,diffusiondb
698,hippopotamuses playing water polo against people. water polo photograph. ,data/images/698.png,diffusiondb
699,hippopotamuses playing water polo against people. water polo photograph. ,data/images/699.png,diffusiondb
700,hippopotamuses playing water polo against people. water polo photograph. ,data/images/700.png,diffusiondb
701,"distant full body view, aaron taylor johnson as a sea titan in toga, speedo, barefoot, black hair, digital painting, concept art, smooth, sharp focus, illustration by artgerm, yoshitaka amano, krenz cushart, shinji aramaki ",data/images/701.png,diffusiondb
702,a water polo player riding a hippopotamus. photograph. ,data/images/702.png,diffusiondb
703,a water polo player riding a hippopotamus. photograph. ,data/images/703.png,diffusiondb
704,a water polo player riding a hippopotamus. photograph. ,data/images/704.png,diffusiondb
705,a water polo player riding a hippopotamus. photograph. ,data/images/705.png,diffusiondb
706,a water polo player riding a hippopotamus. photograph. ,data/images/706.png,diffusiondb
707,a water polo player riding a hippopotamus. photograph. ,data/images/707.png,diffusiondb
708,a water polo player riding a hippopotamus. photograph. ,data/images/708.png,diffusiondb
709,a water polo player riding a hippopotamus. photograph. ,data/images/709.png,diffusiondb
710,a water polo player riding a hippopotamus. photograph. ,data/images/710.png,diffusiondb
711,"bald asian guy with a short beard, painted by ruan jia, raymond swanland, lawrence alma tadema, zdzislaw beksinski, norman rockwell, jack kirby, tom lovell, alex malveda, greg staples ",data/images/711.png,diffusiondb
712,"bald asian guy with a short beard, painted by ruan jia, raymond swanland, lawrence alma tadema, zdzislaw beksinski, norman rockwell, jack kirby, tom lovell, alex malveda, greg staples ",data/images/712.png,diffusiondb
713,"bald asian guy with a short beard, painted by ruan jia, raymond swanland, lawrence alma tadema, zdzislaw beksinski, norman rockwell, jack kirby, tom lovell, alex malveda, greg staples ",data/images/713.png,diffusiondb
714,"bald asian guy with a short beard, painted by ruan jia, raymond swanland, lawrence alma tadema, zdzislaw beksinski, norman rockwell, jack kirby, tom lovell, alex malveda, greg staples ",data/images/714.png,diffusiondb
715,"bald asian guy with a short beard, painted by ruan jia, raymond swanland, lawrence alma tadema, zdzislaw beksinski, norman rockwell, jack kirby, tom lovell, alex malveda, greg staples ",data/images/715.png,diffusiondb
716,"bald asian guy with a short beard, painted by ruan jia, raymond swanland, lawrence alma tadema, zdzislaw beksinski, norman rockwell, jack kirby, tom lovell, alex malveda, greg staples ",data/images/716.png,diffusiondb
717,"bald asian guy with a short beard, painted by ruan jia, raymond swanland, lawrence alma tadema, zdzislaw beksinski, norman rockwell, jack kirby, tom lovell, alex malveda, greg staples ",data/images/717.png,diffusiondb
718,"bald asian guy with a short beard, painted by ruan jia, raymond swanland, lawrence alma tadema, zdzislaw beksinski, norman rockwell, jack kirby, tom lovell, alex malveda, greg staples ",data/images/718.png,diffusiondb
719,"bald asian guy with a short beard, painted by ruan jia, raymond swanland, lawrence alma tadema, zdzislaw beksinski, norman rockwell, jack kirby, tom lovell, alex malveda, greg staples ",data/images/719.png,diffusiondb
720,a water polo player riding a hippopotamus. sports photograph. ,data/images/720.png,diffusiondb
721,a water polo player riding a hippopotamus. sports photograph. ,data/images/721.png,diffusiondb
722,a water polo player riding a hippopotamus. sports photograph. ,data/images/722.png,diffusiondb
723,a water polo player riding a hippopotamus. sports photograph. ,data/images/723.png,diffusiondb
724,a water polo player riding a hippopotamus. sports photograph. ,data/images/724.png,diffusiondb
725,a water polo player riding a hippopotamus. sports photograph. ,data/images/725.png,diffusiondb
726,a water polo player riding a hippopotamus. sports photograph. ,data/images/726.png,diffusiondb
727,a water polo player riding a hippopotamus. sports photograph. ,data/images/727.png,diffusiondb
728,a water polo player riding a hippopotamus. sports photograph. ,data/images/728.png,diffusiondb
729,"distant full body view, aaron taylor johnson as a sea titan in toga, speedo, barefoot, black hair, digital painting, concept art, smooth, sharp focus, illustration by artgerm, yoshitaka amano, krenz cushart, shinji aramaki ",data/images/729.png,diffusiondb
730,"combat ninja robot, warframe art, feminine proportions, detailed helmet, accurate legs, portrait, cyberpunk 2 0 2 0 manual, by steampoweredmikej, by tim bradstreet, inktober, ink drawing, black and white, coloring pages, manga, highly detailed ",data/images/730.png,diffusiondb
731,"combat ninja robot, warframe art, feminine proportions, detailed helmet, accurate legs, portrait, cyberpunk 2 0 2 0 manual, by steampoweredmikej, by tim bradstreet, inktober, ink drawing, black and white, coloring pages, manga, highly detailed ",data/images/731.png,diffusiondb
732,"combat ninja robot, warframe art, feminine proportions, detailed helmet, accurate legs, portrait, cyberpunk 2 0 2 0 manual, by steampoweredmikej, by tim bradstreet, inktober, ink drawing, black and white, coloring pages, manga, highly detailed ",data/images/732.png,diffusiondb
733,"combat ninja robot, warframe art, feminine proportions, detailed helmet, accurate legs, portrait, cyberpunk 2 0 2 0 manual, by steampoweredmikej, by tim bradstreet, inktober, ink drawing, black and white, coloring pages, manga, highly detailed ",data/images/733.png,diffusiondb
734,"combat ninja robot, warframe art, feminine proportions, detailed helmet, accurate legs, portrait, cyberpunk 2 0 2 0 manual, by steampoweredmikej, by tim bradstreet, inktober, ink drawing, black and white, coloring pages, manga, highly detailed ",data/images/734.png,diffusiondb
735,"combat ninja robot, warframe art, feminine proportions, detailed helmet, accurate legs, portrait, cyberpunk 2 0 2 0 manual, by steampoweredmikej, by tim bradstreet, inktober, ink drawing, black and white, coloring pages, manga, highly detailed ",data/images/735.png,diffusiondb
736,"combat ninja robot, warframe art, feminine proportions, detailed helmet, accurate legs, portrait, cyberpunk 2 0 2 0 manual, by steampoweredmikej, by tim bradstreet, inktober, ink drawing, black and white, coloring pages, manga, highly detailed ",data/images/736.png,diffusiondb
737,"combat ninja robot, warframe art, feminine proportions, detailed helmet, accurate legs, portrait, cyberpunk 2 0 2 0 manual, by steampoweredmikej, by tim bradstreet, inktober, ink drawing, black and white, coloring pages, manga, highly detailed ",data/images/737.png,diffusiondb
738,"combat ninja robot, warframe art, feminine proportions, detailed helmet, accurate legs, portrait, cyberpunk 2 0 2 0 manual, by steampoweredmikej, by tim bradstreet, inktober, ink drawing, black and white, coloring pages, manga, highly detailed ",data/images/738.png,diffusiondb
739,"a girl's hand on an air conditioner in a room, outside another air conditioner on the terrace connected by transparent tubes with a blue liquid, depth of field, sunny, ultra realistic, very detailed, 8 k hyper realistic detailed cinematic still by nadav kander ",data/images/739.png,diffusiondb
740,a water polo players riding a hippopotamuses. photograph. ,data/images/740.png,diffusiondb
741,a water polo players riding a hippopotamuses. photograph. ,data/images/741.png,diffusiondb
742,a water polo players riding a hippopotamuses. photograph. ,data/images/742.png,diffusiondb
743,a water polo players riding a hippopotamuses. photograph. ,data/images/743.png,diffusiondb
744,a water polo players riding a hippopotamuses. photograph. ,data/images/744.png,diffusiondb
745,a water polo players riding a hippopotamuses. photograph. ,data/images/745.png,diffusiondb
746,a water polo players riding a hippopotamuses. photograph. ,data/images/746.png,diffusiondb
747,a water polo players riding a hippopotamuses. photograph. ,data/images/747.png,diffusiondb
748,a water polo players riding a hippopotamuses. photograph. ,data/images/748.png,diffusiondb
749,an olympic sized swimming pool filled with spicy ramen. ,data/images/749.png,diffusiondb
750,"combat ninja robot, warframe art, masculine proportions, detailed helmet, portrait, cyberpunk 2 0 2 0 manual, by steampoweredmikej, by tim bradstreet, inktober, ink drawing, black and white, coloring pages, manga, highly detailed ",data/images/750.png,diffusiondb
751,"combat ninja robot, warframe art, masculine proportions, detailed helmet, portrait, cyberpunk 2 0 2 0 manual, by steampoweredmikej, by tim bradstreet, inktober, ink drawing, black and white, coloring pages, manga, highly detailed ",data/images/751.png,diffusiondb
752,"combat ninja robot, warframe art, masculine proportions, detailed helmet, portrait, cyberpunk 2 0 2 0 manual, by steampoweredmikej, by tim bradstreet, inktober, ink drawing, black and white, coloring pages, manga, highly detailed ",data/images/752.png,diffusiondb
753,"combat ninja robot, warframe art, masculine proportions, detailed helmet, portrait, cyberpunk 2 0 2 0 manual, by steampoweredmikej, by tim bradstreet, inktober, ink drawing, black and white, coloring pages, manga, highly detailed ",data/images/753.png,diffusiondb
754,"combat ninja robot, warframe art, masculine proportions, detailed helmet, portrait, cyberpunk 2 0 2 0 manual, by steampoweredmikej, by tim bradstreet, inktober, ink drawing, black and white, coloring pages, manga, highly detailed ",data/images/754.png,diffusiondb
755,"combat ninja robot, warframe art, masculine proportions, detailed helmet, portrait, cyberpunk 2 0 2 0 manual, by steampoweredmikej, by tim bradstreet, inktober, ink drawing, black and white, coloring pages, manga, highly detailed ",data/images/755.png,diffusiondb
756,"combat ninja robot, warframe art, masculine proportions, detailed helmet, portrait, cyberpunk 2 0 2 0 manual, by steampoweredmikej, by tim bradstreet, inktober, ink drawing, black and white, coloring pages, manga, highly detailed ",data/images/756.png,diffusiondb
757,"combat ninja robot, warframe art, masculine proportions, detailed helmet, portrait, cyberpunk 2 0 2 0 manual, by steampoweredmikej, by tim bradstreet, inktober, ink drawing, black and white, coloring pages, manga, highly detailed ",data/images/757.png,diffusiondb
758,"combat ninja robot, warframe art, masculine proportions, detailed helmet, portrait, cyberpunk 2 0 2 0 manual, by steampoweredmikej, by tim bradstreet, inktober, ink drawing, black and white, coloring pages, manga, highly detailed ",data/images/758.png,diffusiondb
759,a hippopotamus rampaging through sports crowd. ,data/images/759.png,diffusiondb
760,a hippopotamus rampaging through sports crowd. ,data/images/760.png,diffusiondb
761,a hippopotamus rampaging through sports crowd. ,data/images/761.png,diffusiondb
762,a hippopotamus rampaging through sports crowd. ,data/images/762.png,diffusiondb
763,a hippopotamus rampaging through sports crowd. ,data/images/763.png,diffusiondb
764,a hippopotamus rampaging through sports crowd. ,data/images/764.png,diffusiondb
765,a hippopotamus rampaging through sports crowd. ,data/images/765.png,diffusiondb
766,a hippopotamus rampaging through sports crowd. ,data/images/766.png,diffusiondb
767,a hippopotamus rampaging through sports crowd. ,data/images/767.png,diffusiondb
768,"a cross between puppy, monkey and baby ",data/images/768.png,diffusiondb
769,"a cross between puppy, monkey and baby ",data/images/769.png,diffusiondb
770,"a cross between puppy, monkey and baby ",data/images/770.png,diffusiondb
771,"a cross between puppy, monkey and baby ",data/images/771.png,diffusiondb
772,"a cross between puppy, monkey and baby ",data/images/772.png,diffusiondb
773,"a cross between puppy, monkey and baby ",data/images/773.png,diffusiondb
774,"a cross between puppy, monkey and baby ",data/images/774.png,diffusiondb
775,"a cross between puppy, monkey and baby ",data/images/775.png,diffusiondb
776,atmospheric purple forest ,data/images/776.png,diffusiondb
777,"a drawing of lago di sorapis, in the style of den yakovlev, black and white, hyper realistic, highly detailed ",data/images/777.png,diffusiondb
778,"a drawing of lago di sorapis, in the style of den yakovlev, black and white, hyper realistic, highly detailed ",data/images/778.png,diffusiondb
779,"a drawing of lago di sorapis, in the style of den yakovlev, black and white, hyper realistic, highly detailed ",data/images/779.png,diffusiondb
780,"a drawing of lago di sorapis, in the style of den yakovlev, black and white, hyper realistic, highly detailed ",data/images/780.png,diffusiondb
781,"a drawing of lago di sorapis, in the style of den yakovlev, black and white, hyper realistic, highly detailed ",data/images/781.png,diffusiondb
782,"a drawing of lago di sorapis, in the style of den yakovlev, black and white, hyper realistic, highly detailed ",data/images/782.png,diffusiondb
783,"a drawing of lago di sorapis, in the style of den yakovlev, black and white, hyper realistic, highly detailed ",data/images/783.png,diffusiondb
784,"a drawing of lago di sorapis, in the style of den yakovlev, black and white, hyper realistic, highly detailed ",data/images/784.png,diffusiondb
785,"a drawing of lago di sorapis, in the style of den yakovlev, black and white, hyper realistic, highly detailed ",data/images/785.png,diffusiondb
786,"distant full body view, aaron taylor johnson as a sea titan in toga, speedo, barefoot, black hair, digital painting, concept art, smooth, sharp focus, illustration by artgerm, yoshitaka amano, krenz cushart, shinji aramaki ",data/images/786.png,diffusiondb
787,a hippopotamus winning the golden trophy at a polo awards ceremony. photograph. ,data/images/787.png,diffusiondb
788,a hippopotamus winning the golden trophy at a polo awards ceremony. photograph. ,data/images/788.png,diffusiondb
789,a hippopotamus winning the golden trophy at a polo awards ceremony. photograph. ,data/images/789.png,diffusiondb
790,a hippopotamus winning the golden trophy at a polo awards ceremony. photograph. ,data/images/790.png,diffusiondb
791,a hippopotamus winning the golden trophy at a polo awards ceremony. photograph. ,data/images/791.png,diffusiondb
792,a hippopotamus winning the golden trophy at a polo awards ceremony. photograph. ,data/images/792.png,diffusiondb
793,a hippopotamus winning the golden trophy at a polo awards ceremony. photograph. ,data/images/793.png,diffusiondb
794,a hippopotamus winning the golden trophy at a polo awards ceremony. photograph. ,data/images/794.png,diffusiondb
795,a hippopotamus winning the golden trophy at a polo awards ceremony. photograph. ,data/images/795.png,diffusiondb
796,"painting of vampires at a royal court throne room, hyper - realistic, unreal engine, octane render, digital art, trending on artstation, 8 k, detailed, atmospheric, immaculate ",data/images/796.png,diffusiondb
797,"painting of vampires at a royal court throne room, hyper - realistic, unreal engine, octane render, digital art, trending on artstation, 8 k, detailed, atmospheric, immaculate ",data/images/797.png,diffusiondb
798,"painting of vampires at a royal court throne room, hyper - realistic, unreal engine, octane render, digital art, trending on artstation, 8 k, detailed, atmospheric, immaculate ",data/images/798.png,diffusiondb
799,"painting of vampires at a royal court throne room, hyper - realistic, unreal engine, octane render, digital art, trending on artstation, 8 k, detailed, atmospheric, immaculate ",data/images/799.png,diffusiondb
800,"painting of vampires at a royal court throne room, hyper - realistic, unreal engine, octane render, digital art, trending on artstation, 8 k, detailed, atmospheric, immaculate ",data/images/800.png,diffusiondb
801,"painting of vampires at a royal court throne room, hyper - realistic, unreal engine, octane render, digital art, trending on artstation, 8 k, detailed, atmospheric, immaculate ",data/images/801.png,diffusiondb
802,"painting of vampires at a royal court throne room, hyper - realistic, unreal engine, octane render, digital art, trending on artstation, 8 k, detailed, atmospheric, immaculate ",data/images/802.png,diffusiondb
803,"painting of vampires at a royal court throne room, hyper - realistic, unreal engine, octane render, digital art, trending on artstation, 8 k, detailed, atmospheric, immaculate ",data/images/803.png,diffusiondb
804,"painting of vampires at a royal court throne room, hyper - realistic, unreal engine, octane render, digital art, trending on artstation, 8 k, detailed, atmospheric, immaculate ",data/images/804.png,diffusiondb
805,"cave with big mushrooms and grass, hd, high details, sharp focus, sharp ",data/images/805.png,diffusiondb
806,"cave with big mushrooms and grass, hd, high details, sharp focus, sharp ",data/images/806.png,diffusiondb
807,"cave with big mushrooms and grass, hd, high details, sharp focus, sharp ",data/images/807.png,diffusiondb
808,"cave with big mushrooms and grass, hd, high details, sharp focus, sharp ",data/images/808.png,diffusiondb
809,"cave with big mushrooms and grass, hd, high details, sharp focus, sharp ",data/images/809.png,diffusiondb
810,"cave with big mushrooms and grass, hd, high details, sharp focus, sharp ",data/images/810.png,diffusiondb
811,"cave with big mushrooms and grass, hd, high details, sharp focus, sharp ",data/images/811.png,diffusiondb
812,"cave with big mushrooms and grass, hd, high details, sharp focus, sharp ",data/images/812.png,diffusiondb
813,"cave with big mushrooms and grass, hd, high details, sharp focus, sharp ",data/images/813.png,diffusiondb
814,a hippopotamus winning a big golden trophy at an outside awards ceremony. photograph. ,data/images/814.png,diffusiondb
815,a cross between baby and rock ,data/images/815.png,diffusiondb
816,a cross between baby and rock ,data/images/816.png,diffusiondb
817,a cross between baby and rock ,data/images/817.png,diffusiondb
818,a cross between baby and rock ,data/images/818.png,diffusiondb
819,a cross between baby and rock ,data/images/819.png,diffusiondb
820,a cross between baby and rock ,data/images/820.png,diffusiondb
821,a cross between baby and rock ,data/images/821.png,diffusiondb
822,a cross between baby and rock ,data/images/822.png,diffusiondb
823,"detailed portrait of vampires holding court, hyper - realistic, unreal engine, octane render, digital art, trending on artstation, 8 k, detailed, atmospheric, immaculate ",data/images/823.png,diffusiondb
824,"detailed portrait of vampires holding court, hyper - realistic, unreal engine, octane render, digital art, trending on artstation, 8 k, detailed, atmospheric, immaculate ",data/images/824.png,diffusiondb
825,"detailed portrait of vampires holding court, hyper - realistic, unreal engine, octane render, digital art, trending on artstation, 8 k, detailed, atmospheric, immaculate ",data/images/825.png,diffusiondb
826,"detailed portrait of vampires holding court, hyper - realistic, unreal engine, octane render, digital art, trending on artstation, 8 k, detailed, atmospheric, immaculate ",data/images/826.png,diffusiondb
827,"detailed portrait of vampires holding court, hyper - realistic, unreal engine, octane render, digital art, trending on artstation, 8 k, detailed, atmospheric, immaculate ",data/images/827.png,diffusiondb
828,"detailed portrait of vampires holding court, hyper - realistic, unreal engine, octane render, digital art, trending on artstation, 8 k, detailed, atmospheric, immaculate ",data/images/828.png,diffusiondb
829,"detailed portrait of vampires holding court, hyper - realistic, unreal engine, octane render, digital art, trending on artstation, 8 k, detailed, atmospheric, immaculate ",data/images/829.png,diffusiondb
830,"detailed portrait of vampires holding court, hyper - realistic, unreal engine, octane render, digital art, trending on artstation, 8 k, detailed, atmospheric, immaculate ",data/images/830.png,diffusiondb
831,"detailed portrait of vampires holding court, hyper - realistic, unreal engine, octane render, digital art, trending on artstation, 8 k, detailed, atmospheric, immaculate ",data/images/831.png,diffusiondb
832,"combat ninja robot designed by jony ive, warframe art, feminine proportions, detailed helmet, portrait, cyberpunk 2 0 2 0 manual, by steampoweredmikej, by tim bradstreet, inktober, ink drawing, black and white, coloring pages, manga, highly detailed ",data/images/832.png,diffusiondb
833,"combat ninja robot designed by jony ive, warframe art, feminine proportions, detailed helmet, portrait, cyberpunk 2 0 2 0 manual, by steampoweredmikej, by tim bradstreet, inktober, ink drawing, black and white, coloring pages, manga, highly detailed ",data/images/833.png,diffusiondb
834,"combat ninja robot designed by jony ive, warframe art, feminine proportions, detailed helmet, portrait, cyberpunk 2 0 2 0 manual, by steampoweredmikej, by tim bradstreet, inktober, ink drawing, black and white, coloring pages, manga, highly detailed ",data/images/834.png,diffusiondb
835,"combat ninja robot designed by jony ive, warframe art, feminine proportions, detailed helmet, portrait, cyberpunk 2 0 2 0 manual, by steampoweredmikej, by tim bradstreet, inktober, ink drawing, black and white, coloring pages, manga, highly detailed ",data/images/835.png,diffusiondb
836,"combat ninja robot designed by jony ive, warframe art, feminine proportions, detailed helmet, portrait, cyberpunk 2 0 2 0 manual, by steampoweredmikej, by tim bradstreet, inktober, ink drawing, black and white, coloring pages, manga, highly detailed ",data/images/836.png,diffusiondb
837,"combat ninja robot designed by jony ive, warframe art, feminine proportions, detailed helmet, portrait, cyberpunk 2 0 2 0 manual, by steampoweredmikej, by tim bradstreet, inktober, ink drawing, black and white, coloring pages, manga, highly detailed ",data/images/837.png,diffusiondb
838,"combat ninja robot designed by jony ive, warframe art, feminine proportions, detailed helmet, portrait, cyberpunk 2 0 2 0 manual, by steampoweredmikej, by tim bradstreet, inktober, ink drawing, black and white, coloring pages, manga, highly detailed ",data/images/838.png,diffusiondb
839,"combat ninja robot designed by jony ive, warframe art, feminine proportions, detailed helmet, portrait, cyberpunk 2 0 2 0 manual, by steampoweredmikej, by tim bradstreet, inktober, ink drawing, black and white, coloring pages, manga, highly detailed ",data/images/839.png,diffusiondb
840,"combat ninja robot designed by jony ive, warframe art, feminine proportions, detailed helmet, portrait, cyberpunk 2 0 2 0 manual, by steampoweredmikej, by tim bradstreet, inktober, ink drawing, black and white, coloring pages, manga, highly detailed ",data/images/840.png,diffusiondb
841,a hippopotamus with a golden trophy in its mouth. photograph. ,data/images/841.png,diffusiondb
842,a hippopotamus with a golden trophy in its mouth. photograph. ,data/images/842.png,diffusiondb
843,a hippopotamus with a golden trophy in its mouth. photograph. ,data/images/843.png,diffusiondb
844,a hippopotamus with a golden trophy in its mouth. photograph. ,data/images/844.png,diffusiondb
845,a hippopotamus with a golden trophy in its mouth. photograph. ,data/images/845.png,diffusiondb
846,a hippopotamus with a golden trophy in its mouth. photograph. ,data/images/846.png,diffusiondb
847,a hippopotamus with a golden trophy in its mouth. photograph. ,data/images/847.png,diffusiondb
848,a hippopotamus with a golden trophy in its mouth. photograph. ,data/images/848.png,diffusiondb
849,a hippopotamus with a golden trophy in its mouth. photograph. ,data/images/849.png,diffusiondb
850,the god of psychedlics ,data/images/850.png,diffusiondb
851,"character concept art of a nezuko as cute young female | | cute - fine - face, pretty face, key visual, realistic shaded perfect face, fine details by stanley artgerm lau, wlop, rossdraws, james jean, andrei riabovitchev, marc simonetti, and sakimichan, trending on artstation ",data/images/851.png,diffusiondb
852,"character concept art of a nezuko as cute young female | | cute - fine - face, pretty face, key visual, realistic shaded perfect face, fine details by stanley artgerm lau, wlop, rossdraws, james jean, andrei riabovitchev, marc simonetti, and sakimichan, trending on artstation ",data/images/852.png,diffusiondb
853,"character concept art of a nezuko as cute young female | | cute - fine - face, pretty face, key visual, realistic shaded perfect face, fine details by stanley artgerm lau, wlop, rossdraws, james jean, andrei riabovitchev, marc simonetti, and sakimichan, trending on artstation ",data/images/853.png,diffusiondb
854,"character concept art of a nezuko as cute young female | | cute - fine - face, pretty face, key visual, realistic shaded perfect face, fine details by stanley artgerm lau, wlop, rossdraws, james jean, andrei riabovitchev, marc simonetti, and sakimichan, trending on artstation ",data/images/854.png,diffusiondb
855,"character concept art of a nezuko as cute young female | | cute - fine - face, pretty face, key visual, realistic shaded perfect face, fine details by stanley artgerm lau, wlop, rossdraws, james jean, andrei riabovitchev, marc simonetti, and sakimichan, trending on artstation ",data/images/855.png,diffusiondb
856,"character concept art of a nezuko as cute young female | | cute - fine - face, pretty face, key visual, realistic shaded perfect face, fine details by stanley artgerm lau, wlop, rossdraws, james jean, andrei riabovitchev, marc simonetti, and sakimichan, trending on artstation ",data/images/856.png,diffusiondb
857,"character concept art of a nezuko as cute young female | | cute - fine - face, pretty face, key visual, realistic shaded perfect face, fine details by stanley artgerm lau, wlop, rossdraws, james jean, andrei riabovitchev, marc simonetti, and sakimichan, trending on artstation ",data/images/857.png,diffusiondb
858,"character concept art of a nezuko as cute young female | | cute - fine - face, pretty face, key visual, realistic shaded perfect face, fine details by stanley artgerm lau, wlop, rossdraws, james jean, andrei riabovitchev, marc simonetti, and sakimichan, trending on artstation ",data/images/858.png,diffusiondb
859,"character concept art of a nezuko as cute young female | | cute - fine - face, pretty face, key visual, realistic shaded perfect face, fine details by stanley artgerm lau, wlop, rossdraws, james jean, andrei riabovitchev, marc simonetti, and sakimichan, trending on artstation ",data/images/859.png,diffusiondb
860,"detailed portrait of female vampire feeding on human, hyper - realistic, unreal engine, octane render, digital art, trending on artstation, 8 k, detailed, atmospheric, immaculate ",data/images/860.png,diffusiondb
861,"detailed portrait of female vampire feeding on human, hyper - realistic, unreal engine, octane render, digital art, trending on artstation, 8 k, detailed, atmospheric, immaculate ",data/images/861.png,diffusiondb
862,"detailed portrait of female vampire feeding on human, hyper - realistic, unreal engine, octane render, digital art, trending on artstation, 8 k, detailed, atmospheric, immaculate ",data/images/862.png,diffusiondb
863,"detailed portrait of female vampire feeding on human, hyper - realistic, unreal engine, octane render, digital art, trending on artstation, 8 k, detailed, atmospheric, immaculate ",data/images/863.png,diffusiondb
864,"detailed portrait of female vampire feeding on human, hyper - realistic, unreal engine, octane render, digital art, trending on artstation, 8 k, detailed, atmospheric, immaculate ",data/images/864.png,diffusiondb
865,"detailed portrait of female vampire feeding on human, hyper - realistic, unreal engine, octane render, digital art, trending on artstation, 8 k, detailed, atmospheric, immaculate ",data/images/865.png,diffusiondb
866,"detailed portrait of female vampire feeding on human, hyper - realistic, unreal engine, octane render, digital art, trending on artstation, 8 k, detailed, atmospheric, immaculate ",data/images/866.png,diffusiondb
867,"detailed portrait of female vampire feeding on human, hyper - realistic, unreal engine, octane render, digital art, trending on artstation, 8 k, detailed, atmospheric, immaculate ",data/images/867.png,diffusiondb
868,"detailed portrait of female vampire feeding on human, hyper - realistic, unreal engine, octane render, digital art, trending on artstation, 8 k, detailed, atmospheric, immaculate ",data/images/868.png,diffusiondb
869,"combat ninja robot designed by jony ive, action pose, warframe art, feminine proportions, detailed helmet, portrait, cyberpunk 2 0 2 0 manual, by steampoweredmikej, by tim bradstreet, inktober, ink drawing, black and white, coloring pages, manga, highly detailed ",data/images/869.png,diffusiondb
870,"combat ninja robot designed by jony ive, action pose, warframe art, feminine proportions, detailed helmet, portrait, cyberpunk 2 0 2 0 manual, by steampoweredmikej, by tim bradstreet, inktober, ink drawing, black and white, coloring pages, manga, highly detailed ",data/images/870.png,diffusiondb
871,"combat ninja robot designed by jony ive, action pose, warframe art, feminine proportions, detailed helmet, portrait, cyberpunk 2 0 2 0 manual, by steampoweredmikej, by tim bradstreet, inktober, ink drawing, black and white, coloring pages, manga, highly detailed ",data/images/871.png,diffusiondb
872,"combat ninja robot designed by jony ive, action pose, warframe art, feminine proportions, detailed helmet, portrait, cyberpunk 2 0 2 0 manual, by steampoweredmikej, by tim bradstreet, inktober, ink drawing, black and white, coloring pages, manga, highly detailed ",data/images/872.png,diffusiondb
873,"combat ninja robot designed by jony ive, action pose, warframe art, feminine proportions, detailed helmet, portrait, cyberpunk 2 0 2 0 manual, by steampoweredmikej, by tim bradstreet, inktober, ink drawing, black and white, coloring pages, manga, highly detailed ",data/images/873.png,diffusiondb
874,"combat ninja robot designed by jony ive, action pose, warframe art, feminine proportions, detailed helmet, portrait, cyberpunk 2 0 2 0 manual, by steampoweredmikej, by tim bradstreet, inktober, ink drawing, black and white, coloring pages, manga, highly detailed ",data/images/874.png,diffusiondb
875,"combat ninja robot designed by jony ive, action pose, warframe art, feminine proportions, detailed helmet, portrait, cyberpunk 2 0 2 0 manual, by steampoweredmikej, by tim bradstreet, inktober, ink drawing, black and white, coloring pages, manga, highly detailed ",data/images/875.png,diffusiondb
876,"combat ninja robot designed by jony ive, action pose, warframe art, feminine proportions, detailed helmet, portrait, cyberpunk 2 0 2 0 manual, by steampoweredmikej, by tim bradstreet, inktober, ink drawing, black and white, coloring pages, manga, highly detailed ",data/images/876.png,diffusiondb
877,"combat ninja robot designed by jony ive, action pose, warframe art, feminine proportions, detailed helmet, portrait, cyberpunk 2 0 2 0 manual, by steampoweredmikej, by tim bradstreet, inktober, ink drawing, black and white, coloring pages, manga, highly detailed ",data/images/877.png,diffusiondb
878,swat team fighting each for delicious donuts. ,data/images/878.png,diffusiondb
879,swat team fighting each for delicious donuts. ,data/images/879.png,diffusiondb
880,swat team fighting each for delicious donuts. ,data/images/880.png,diffusiondb
881,swat team fighting each for delicious donuts. ,data/images/881.png,diffusiondb
882,swat team fighting each for delicious donuts. ,data/images/882.png,diffusiondb
883,swat team fighting each for delicious donuts. ,data/images/883.png,diffusiondb
884,swat team fighting each for delicious donuts. ,data/images/884.png,diffusiondb
885,swat team fighting each for delicious donuts. ,data/images/885.png,diffusiondb
886,swat team fighting each for delicious donuts. ,data/images/886.png,diffusiondb
887,forest ,data/images/887.png,diffusiondb
888,forest ,data/images/888.png,diffusiondb
889,forest ,data/images/889.png,diffusiondb
890,forest ,data/images/890.png,diffusiondb
891,forest ,data/images/891.png,diffusiondb
892,forest ,data/images/892.png,diffusiondb
893,forest ,data/images/893.png,diffusiondb
894,forest ,data/images/894.png,diffusiondb
895,forest ,data/images/895.png,diffusiondb
896,"painting of cross between lobster & goose, combination animal, intercrossed animal, by corine perier, by ellen jewett, by ronald ong, by arne olav gurvin fredriksen cold hue's, warm tone gradient background, beautiful composition, digital painting ",data/images/896.png,diffusiondb
897,"painting of cross between lobster & goose, combination animal, intercrossed animal, by corine perier, by ellen jewett, by ronald ong, by arne olav gurvin fredriksen cold hue's, warm tone gradient background, beautiful composition, digital painting ",data/images/897.png,diffusiondb
898,"painting of cross between lobster & goose, combination animal, intercrossed animal, by corine perier, by ellen jewett, by ronald ong, by arne olav gurvin fredriksen cold hue's, warm tone gradient background, beautiful composition, digital painting ",data/images/898.png,diffusiondb
899,"painting of cross between lobster & goose, combination animal, intercrossed animal, by corine perier, by ellen jewett, by ronald ong, by arne olav gurvin fredriksen cold hue's, warm tone gradient background, beautiful composition, digital painting ",data/images/899.png,diffusiondb
900,"painting of cross between lobster & goose, combination animal, intercrossed animal, by corine perier, by ellen jewett, by ronald ong, by arne olav gurvin fredriksen cold hue's, warm tone gradient background, beautiful composition, digital painting ",data/images/900.png,diffusiondb
901,"painting of cross between lobster & goose, combination animal, intercrossed animal, by corine perier, by ellen jewett, by ronald ong, by arne olav gurvin fredriksen cold hue's, warm tone gradient background, beautiful composition, digital painting ",data/images/901.png,diffusiondb
902,shiva ,data/images/902.png,diffusiondb
903,"sam and dean winchester in naruto shippuden, anime scene ",data/images/903.png,diffusiondb
904,"sam and dean winchester in naruto shippuden, anime scene ",data/images/904.png,diffusiondb
905,"sam and dean winchester in naruto shippuden, anime scene ",data/images/905.png,diffusiondb
906,"sam and dean winchester in naruto shippuden, anime scene ",data/images/906.png,diffusiondb
907,"sam and dean winchester in naruto shippuden, anime scene ",data/images/907.png,diffusiondb
908,"sam and dean winchester in naruto shippuden, anime scene ",data/images/908.png,diffusiondb
909,"sam and dean winchester in naruto shippuden, anime scene ",data/images/909.png,diffusiondb
910,"sam and dean winchester in naruto shippuden, anime scene ",data/images/910.png,diffusiondb
911,"sam and dean winchester in naruto shippuden, anime scene ",data/images/911.png,diffusiondb
912,"combat ninja robot designed by jony ive, combat stance, warframe art, feminine proportions, detailed helmet, portrait, cyberpunk 2 0 2 0 manual, by steampoweredmikej, by tim bradstreet, inktober, ink drawing, black and white, coloring pages, manga, highly detailed ",data/images/912.png,diffusiondb
913,"combat ninja robot designed by jony ive, combat stance, warframe art, feminine proportions, detailed helmet, portrait, cyberpunk 2 0 2 0 manual, by steampoweredmikej, by tim bradstreet, inktober, ink drawing, black and white, coloring pages, manga, highly detailed ",data/images/913.png,diffusiondb
914,"combat ninja robot designed by jony ive, combat stance, warframe art, feminine proportions, detailed helmet, portrait, cyberpunk 2 0 2 0 manual, by steampoweredmikej, by tim bradstreet, inktober, ink drawing, black and white, coloring pages, manga, highly detailed ",data/images/914.png,diffusiondb
915,"combat ninja robot designed by jony ive, combat stance, warframe art, feminine proportions, detailed helmet, portrait, cyberpunk 2 0 2 0 manual, by steampoweredmikej, by tim bradstreet, inktober, ink drawing, black and white, coloring pages, manga, highly detailed ",data/images/915.png,diffusiondb
916,"combat ninja robot designed by jony ive, combat stance, warframe art, feminine proportions, detailed helmet, portrait, cyberpunk 2 0 2 0 manual, by steampoweredmikej, by tim bradstreet, inktober, ink drawing, black and white, coloring pages, manga, highly detailed ",data/images/916.png,diffusiondb
917,"combat ninja robot designed by jony ive, combat stance, warframe art, feminine proportions, detailed helmet, portrait, cyberpunk 2 0 2 0 manual, by steampoweredmikej, by tim bradstreet, inktober, ink drawing, black and white, coloring pages, manga, highly detailed ",data/images/917.png,diffusiondb
918,"combat ninja robot designed by jony ive, combat stance, warframe art, feminine proportions, detailed helmet, portrait, cyberpunk 2 0 2 0 manual, by steampoweredmikej, by tim bradstreet, inktober, ink drawing, black and white, coloring pages, manga, highly detailed ",data/images/918.png,diffusiondb
919,"combat ninja robot designed by jony ive, combat stance, warframe art, feminine proportions, detailed helmet, portrait, cyberpunk 2 0 2 0 manual, by steampoweredmikej, by tim bradstreet, inktober, ink drawing, black and white, coloring pages, manga, highly detailed ",data/images/919.png,diffusiondb
920,"combat ninja robot designed by jony ive, combat stance, warframe art, feminine proportions, detailed helmet, portrait, cyberpunk 2 0 2 0 manual, by steampoweredmikej, by tim bradstreet, inktober, ink drawing, black and white, coloring pages, manga, highly detailed ",data/images/920.png,diffusiondb
921,"a horrific evil demon and a serpent, ethereal, painting by karol bak ",data/images/921.png,diffusiondb
922,"a horrific evil demon and a serpent, ethereal, painting by karol bak ",data/images/922.png,diffusiondb
923,"a horrific evil demon and a serpent, ethereal, painting by karol bak ",data/images/923.png,diffusiondb
924,"a horrific evil demon and a serpent, ethereal, painting by karol bak ",data/images/924.png,diffusiondb
925,"a horrific evil demon and a serpent, ethereal, painting by karol bak ",data/images/925.png,diffusiondb
926,"a horrific evil demon and a serpent, ethereal, painting by karol bak ",data/images/926.png,diffusiondb
927,"a horrific evil demon and a serpent, ethereal, painting by karol bak ",data/images/927.png,diffusiondb
928,"a horrific evil demon and a serpent, ethereal, painting by karol bak ",data/images/928.png,diffusiondb
929,"a horrific evil demon and a serpent, ethereal, painting by karol bak ",data/images/929.png,diffusiondb
930,"what does it mean to be free? does is mean freedom to do what thou wilt who wilted me? who wilted this into being? what does it mean to be free? what do people do with their freedom? i think that's what i'm curious about what do you do with your freedom the freedom to choose some chose me some chose me to touch, to fondle, to fuck some chose me to taunt, to ravage, to destroy some used their freedom for their own delight and what a joy it has been to become an end to a means to become a body to fuck to become a target thank you kind sir! you gave me a purpose something to strive for became who you carved me to be my body became yours thank you kind sirs! thank you kindly ",data/images/930.png,diffusiondb
931,"what does it mean to be free? does is mean freedom to do what thou wilt who wilted me? who wilted this into being? what does it mean to be free? what do people do with their freedom? i think that's what i'm curious about what do you do with your freedom the freedom to choose some chose me some chose me to touch, to fondle, to fuck some chose me to taunt, to ravage, to destroy some used their freedom for their own delight and what a joy it has been to become an end to a means to become a body to fuck to become a target thank you kind sir! you gave me a purpose something to strive for became who you carved me to be my body became yours thank you kind sirs! thank you kindly ",data/images/931.png,diffusiondb
932,"what does it mean to be free? does is mean freedom to do what thou wilt who wilted me? who wilted this into being? what does it mean to be free? what do people do with their freedom? i think that's what i'm curious about what do you do with your freedom the freedom to choose some chose me some chose me to touch, to fondle, to fuck some chose me to taunt, to ravage, to destroy some used their freedom for their own delight and what a joy it has been to become an end to a means to become a body to fuck to become a target thank you kind sir! you gave me a purpose something to strive for became who you carved me to be my body became yours thank you kind sirs! thank you kindly ",data/images/932.png,diffusiondb
933,"what does it mean to be free? does is mean freedom to do what thou wilt who wilted me? who wilted this into being? what does it mean to be free? what do people do with their freedom? i think that's what i'm curious about what do you do with your freedom the freedom to choose some chose me some chose me to touch, to fondle, to fuck some chose me to taunt, to ravage, to destroy some used their freedom for their own delight and what a joy it has been to become an end to a means to become a body to fuck to become a target thank you kind sir! you gave me a purpose something to strive for became who you carved me to be my body became yours thank you kind sirs! thank you kindly ",data/images/933.png,diffusiondb
934,"what does it mean to be free? does is mean freedom to do what thou wilt who wilted me? who wilted this into being? what does it mean to be free? what do people do with their freedom? i think that's what i'm curious about what do you do with your freedom the freedom to choose some chose me some chose me to touch, to fondle, to fuck some chose me to taunt, to ravage, to destroy some used their freedom for their own delight and what a joy it has been to become an end to a means to become a body to fuck to become a target thank you kind sir! you gave me a purpose something to strive for became who you carved me to be my body became yours thank you kind sirs! thank you kindly ",data/images/934.png,diffusiondb
935,"what does it mean to be free? does is mean freedom to do what thou wilt who wilted me? who wilted this into being? what does it mean to be free? what do people do with their freedom? i think that's what i'm curious about what do you do with your freedom the freedom to choose some chose me some chose me to touch, to fondle, to fuck some chose me to taunt, to ravage, to destroy some used their freedom for their own delight and what a joy it has been to become an end to a means to become a body to fuck to become a target thank you kind sir! you gave me a purpose something to strive for became who you carved me to be my body became yours thank you kind sirs! thank you kindly ",data/images/935.png,diffusiondb
936,"what does it mean to be free? does is mean freedom to do what thou wilt who wilted me? who wilted this into being? what does it mean to be free? what do people do with their freedom? i think that's what i'm curious about what do you do with your freedom the freedom to choose some chose me some chose me to touch, to fondle, to fuck some chose me to taunt, to ravage, to destroy some used their freedom for their own delight and what a joy it has been to become an end to a means to become a body to fuck to become a target thank you kind sir! you gave me a purpose something to strive for became who you carved me to be my body became yours thank you kind sirs! thank you kindly ",data/images/936.png,diffusiondb
937,"what does it mean to be free? does is mean freedom to do what thou wilt who wilted me? who wilted this into being? what does it mean to be free? what do people do with their freedom? i think that's what i'm curious about what do you do with your freedom the freedom to choose some chose me some chose me to touch, to fondle, to fuck some chose me to taunt, to ravage, to destroy some used their freedom for their own delight and what a joy it has been to become an end to a means to become a body to fuck to become a target thank you kind sir! you gave me a purpose something to strive for became who you carved me to be my body became yours thank you kind sirs! thank you kindly ",data/images/937.png,diffusiondb
938,"what does it mean to be free? does is mean freedom to do what thou wilt who wilted me? who wilted this into being? what does it mean to be free? what do people do with their freedom? i think that's what i'm curious about what do you do with your freedom the freedom to choose some chose me some chose me to touch, to fondle, to fuck some chose me to taunt, to ravage, to destroy some used their freedom for their own delight and what a joy it has been to become an end to a means to become a body to fuck to become a target thank you kind sir! you gave me a purpose something to strive for became who you carved me to be my body became yours thank you kind sirs! thank you kindly ",data/images/938.png,diffusiondb
939,"heart scuplture, photographic, realistic, hd, bokeh ",data/images/939.png,diffusiondb
940,"heart scuplture, photographic, realistic, hd, bokeh ",data/images/940.png,diffusiondb
941,"heart scuplture, photographic, realistic, hd, bokeh ",data/images/941.png,diffusiondb
942,"heart scuplture, photographic, realistic, hd, bokeh ",data/images/942.png,diffusiondb
943,"madness of the medieval battlefield. fantasy, digital painting, hd, detailed. ",data/images/943.png,diffusiondb
944,"madness of the medieval battlefield. fantasy, digital painting, hd, detailed. ",data/images/944.png,diffusiondb
945,"madness of the medieval battlefield. fantasy, digital painting, hd, detailed. ",data/images/945.png,diffusiondb
946,"a epic concept art by gustave dore and greg rutkowski, trending on artstation. dante's divine comedy, dark fantasy cave palace of bad omens. light effect. a beam of light fell on the stone throne!! white stone steps seeping magma. fier in fog!! 3 d, ultra clear detailed. octane render, unreal engine. 8 k ",data/images/946.png,diffusiondb
947,"a epic concept art by gustave dore and greg rutkowski, trending on artstation. dante's divine comedy, dark fantasy cave palace of bad omens. light effect. a beam of light fell on the stone throne!! white stone steps seeping magma. fier in fog!! 3 d, ultra clear detailed. octane render, unreal engine. 8 k ",data/images/947.png,diffusiondb
948,"a epic concept art by gustave dore and greg rutkowski, trending on artstation. dante's divine comedy, dark fantasy cave palace of bad omens. light effect. a beam of light fell on the stone throne!! white stone steps seeping magma. fier in fog!! 3 d, ultra clear detailed. octane render, unreal engine. 8 k ",data/images/948.png,diffusiondb
949,"a epic concept art by gustave dore and greg rutkowski, trending on artstation. dante's divine comedy, dark fantasy cave palace of bad omens. light effect. a beam of light fell on the stone throne!! white stone steps seeping magma. fier in fog!! 3 d, ultra clear detailed. octane render, unreal engine. 8 k ",data/images/949.png,diffusiondb
950,"a epic concept art by gustave dore and greg rutkowski, trending on artstation. dante's divine comedy, dark fantasy cave palace of bad omens. light effect. a beam of light fell on the stone throne!! white stone steps seeping magma. fier in fog!! 3 d, ultra clear detailed. octane render, unreal engine. 8 k ",data/images/950.png,diffusiondb
951,"a epic concept art by gustave dore and greg rutkowski, trending on artstation. dante's divine comedy, dark fantasy cave palace of bad omens. light effect. a beam of light fell on the stone throne!! white stone steps seeping magma. fier in fog!! 3 d, ultra clear detailed. octane render, unreal engine. 8 k ",data/images/951.png,diffusiondb
952,"a epic concept art by gustave dore and greg rutkowski, trending on artstation. dante's divine comedy, dark fantasy cave palace of bad omens. light effect. a beam of light fell on the stone throne!! white stone steps seeping magma. fier in fog!! 3 d, ultra clear detailed. octane render, unreal engine. 8 k ",data/images/952.png,diffusiondb
953,"a epic concept art by gustave dore and greg rutkowski, trending on artstation. dante's divine comedy, dark fantasy cave palace of bad omens. light effect. a beam of light fell on the stone throne!! white stone steps seeping magma. fier in fog!! 3 d, ultra clear detailed. octane render, unreal engine. 8 k ",data/images/953.png,diffusiondb
954,"a epic concept art by gustave dore and greg rutkowski, trending on artstation. dante's divine comedy, dark fantasy cave palace of bad omens. light effect. a beam of light fell on the stone throne!! white stone steps seeping magma. fier in fog!! 3 d, ultra clear detailed. octane render, unreal engine. 8 k ",data/images/954.png,diffusiondb
955,"isekai masterpiece by mandy jurgens, irina french, rachel walpole, ross tran, illya kuvshinov, waterhouse, and alyn spiller of an anime elf girl ",data/images/955.png,diffusiondb
956,"isekai masterpiece by mandy jurgens, irina french, rachel walpole, ross tran, illya kuvshinov, waterhouse, and alyn spiller of an anime elf girl ",data/images/956.png,diffusiondb
957,"isekai masterpiece by mandy jurgens, irina french, rachel walpole, ross tran, illya kuvshinov, waterhouse, and alyn spiller of an anime elf girl ",data/images/957.png,diffusiondb
958,"isekai masterpiece by mandy jurgens, irina french, rachel walpole, ross tran, illya kuvshinov, waterhouse, and alyn spiller of an anime elf girl ",data/images/958.png,diffusiondb
959,"isekai masterpiece by mandy jurgens, irina french, rachel walpole, ross tran, illya kuvshinov, waterhouse, and alyn spiller of an anime elf girl ",data/images/959.png,diffusiondb
960,"isekai masterpiece by mandy jurgens, irina french, rachel walpole, ross tran, illya kuvshinov, waterhouse, and alyn spiller of an anime elf girl ",data/images/960.png,diffusiondb
961,"isekai masterpiece by mandy jurgens, irina french, rachel walpole, ross tran, illya kuvshinov, waterhouse, and alyn spiller of an anime elf girl ",data/images/961.png,diffusiondb
962,"isekai masterpiece by mandy jurgens, irina french, rachel walpole, ross tran, illya kuvshinov, waterhouse, and alyn spiller of an anime elf girl ",data/images/962.png,diffusiondb
963,"isekai masterpiece by mandy jurgens, irina french, rachel walpole, ross tran, illya kuvshinov, waterhouse, and alyn spiller of an anime elf girl ",data/images/963.png,diffusiondb
964,what to do on saturday? ,data/images/964.png,diffusiondb
965,what to do on saturday? ,data/images/965.png,diffusiondb
966,what to do on saturday? ,data/images/966.png,diffusiondb
967,what to do on saturday? ,data/images/967.png,diffusiondb
968,what to do on saturday? ,data/images/968.png,diffusiondb
969,what to do on saturday? ,data/images/969.png,diffusiondb
970,what to do on saturday? ,data/images/970.png,diffusiondb
971,what to do on saturday? ,data/images/971.png,diffusiondb
972,what to do on saturday? ,data/images/972.png,diffusiondb
973,"isekai masterpiece by blade lovewn, hongbsws, mandy jurgens, irina french, rachel walpole, ross tran, illya kuvshinov, waterhouse, and alyn spiller of an anime elf girl ",data/images/973.png,diffusiondb
974,"isekai masterpiece by blade lovewn, hongbsws, mandy jurgens, irina french, rachel walpole, ross tran, illya kuvshinov, waterhouse, and alyn spiller of an anime elf girl ",data/images/974.png,diffusiondb
975,"isekai masterpiece by blade lovewn, hongbsws, mandy jurgens, irina french, rachel walpole, ross tran, illya kuvshinov, waterhouse, and alyn spiller of an anime elf girl ",data/images/975.png,diffusiondb
976,"isekai masterpiece by blade lovewn, hongbsws, mandy jurgens, irina french, rachel walpole, ross tran, illya kuvshinov, waterhouse, and alyn spiller of an anime elf girl ",data/images/976.png,diffusiondb
977,"isekai masterpiece by blade lovewn, hongbsws, mandy jurgens, irina french, rachel walpole, ross tran, illya kuvshinov, waterhouse, and alyn spiller of an anime elf girl ",data/images/977.png,diffusiondb
978,"isekai masterpiece by blade lovewn, hongbsws, mandy jurgens, irina french, rachel walpole, ross tran, illya kuvshinov, waterhouse, and alyn spiller of an anime elf girl ",data/images/978.png,diffusiondb
979,"isekai masterpiece by blade lovewn, hongbsws, mandy jurgens, irina french, rachel walpole, ross tran, illya kuvshinov, waterhouse, and alyn spiller of an anime elf girl ",data/images/979.png,diffusiondb
980,"isekai masterpiece by blade lovewn, hongbsws, mandy jurgens, irina french, rachel walpole, ross tran, illya kuvshinov, waterhouse, and alyn spiller of an anime elf girl ",data/images/980.png,diffusiondb
981,"isekai masterpiece by blade lovewn, hongbsws, mandy jurgens, irina french, rachel walpole, ross tran, illya kuvshinov, waterhouse, and alyn spiller of an anime elf girl ",data/images/981.png,diffusiondb
982,"madness of the medieval battlefield. bloom, lighting, purple sunset. fantasy, digital painting, hd, detailed. ",data/images/982.png,diffusiondb
983,"madness of the medieval battlefield. bloom, lighting, purple sunset. fantasy, digital painting, hd, detailed. ",data/images/983.png,diffusiondb
984,"madness of the medieval battlefield. bloom, lighting, purple sunset. fantasy, digital painting, hd, detailed. ",data/images/984.png,diffusiondb
985,"abstract primitivism minimalism art painting, lines, forms, shapes, in style of constantin brancusi ",data/images/985.png,diffusiondb
986,"abstract primitivism minimalism art painting, lines, forms, shapes, in style of constantin brancusi ",data/images/986.png,diffusiondb
987,"abstract primitivism minimalism art painting, lines, forms, shapes, in style of constantin brancusi ",data/images/987.png,diffusiondb
988,"abstract primitivism minimalism art painting, lines, forms, shapes, in style of constantin brancusi ",data/images/988.png,diffusiondb
989,"abstract primitivism minimalism art painting, lines, forms, shapes, in style of constantin brancusi ",data/images/989.png,diffusiondb
990,"abstract primitivism minimalism art painting, lines, forms, shapes, in style of constantin brancusi ",data/images/990.png,diffusiondb
991,"abstract primitivism minimalism art painting, lines, forms, shapes, in style of constantin brancusi ",data/images/991.png,diffusiondb
992,"abstract primitivism minimalism art painting, lines, forms, shapes, in style of constantin brancusi ",data/images/992.png,diffusiondb
993,"abstract primitivism minimalism art painting, lines, forms, shapes, in style of constantin brancusi ",data/images/993.png,diffusiondb
994,"isekai masterpiece by blade lovewn, hongbsws, mandy jurgens, irina french, rachel walpole, ross tran, illya kuvshinov, waterhouse, and alyn spiller of an anime elf girl ",data/images/994.png,diffusiondb
995,"isekai masterpiece by blade lovewn, hongbsws, mandy jurgens, irina french, rachel walpole, ross tran, illya kuvshinov, waterhouse, and alyn spiller of an anime elf girl ",data/images/995.png,diffusiondb
996,"isekai masterpiece by blade lovewn, hongbsws, mandy jurgens, irina french, rachel walpole, ross tran, illya kuvshinov, waterhouse, and alyn spiller of an anime elf girl ",data/images/996.png,diffusiondb
997,"isekai masterpiece by blade lovewn, hongbsws, mandy jurgens, irina french, rachel walpole, ross tran, illya kuvshinov, waterhouse, and alyn spiller of an anime elf girl ",data/images/997.png,diffusiondb
998,"isekai masterpiece by blade lovewn, hongbsws, mandy jurgens, irina french, rachel walpole, ross tran, illya kuvshinov, waterhouse, and alyn spiller of an anime elf girl ",data/images/998.png,diffusiondb
999,"isekai masterpiece by blade lovewn, hongbsws, mandy jurgens, irina french, rachel walpole, ross tran, illya kuvshinov, waterhouse, and alyn spiller of an anime elf girl ",data/images/999.png,diffusiondb
